"","dockerfile_loc","from","label","env","run","volume","copy","entrypoint","cmd","workdir","user","expose","maintainer","arg","stopsignal","add","shell","total_instructions","from_cmds","label_cmds","env_cmds","run_cmds","volume_cmds","copy_cmds","entrypoint_cmds","cmd_cmds","workdir_cmds","user_cmds","expose_cmds","maintainer_cmds","arg_cmds","stopsignal_cmds","add_cmds","shell_cmds","total_cmds","cpp","java","ansic","pascal","javascript","python","cs","ruby","php","earlang","perl","sh","xml","yacc","ml","lisp","lex","asm","f90","awk","obj","tcl","sed","total_loc","apt.get","cURL","wget","yum","gitclone","npm","resource1","resource2","resource3","resource4","tot_kbs","tot_cmd_network","bitrate","average_time"
"dockerfile_loc",1,-0.0507311002442868,0.2469250291851,0.591693984495693,0.506720314484993,0.322529158527224,0.111550638818419,0.200168158680616,0.196745219706846,-0.0359450313232651,0.164721469163264,0.239347416835017,-0.151242632902855,0.102023070817246,0.107519527230611,-0.211945641733575,0.0085112809532015,0.540543159089451,-0.0399112033237821,0.0235855176750897,0.200661699033562,0.300874888338834,0.0409521789705066,0.084413340815344,0.121021883758741,0.0400251986694504,-0.0914948082769326,0.0634575673700245,0.266388711151048,-0.0937366911804285,0.0588042996383704,0.100181604747561,-0.0787074125259974,NA,0.328355460969908,0.0580282893883705,0.262770138239936,0.0513801201031472,-0.0950969074828317,0.0685485460291522,0.111155075952067,-0.0776416021719404,-0.0434125482820835,0.0677058641319851,0.0199669713879209,0.0728839253794135,0.0214695719280894,0.064501423872967,0.0613192877202218,0.0742520730152434,0.0239658454696985,-0.0631326458332833,0.080216911543741,0.0085112809532015,0.184194778494831,0.00853485317950177,0.0612720528714244,0.0708287008762015,0.0996197164236267,0.299569768040186,0.206410180724924,0.50684219090019,-0.159696199328111,0.0145482630056974,-0.0942821792187114,0.0161535143297159,0.232642703139664,0.260940454227521,0.20483546750336,0.196504075657211,0.548145951289623,NA,0.328381752907139
"from",-0.0507311002442868,1,-0.111896426264992,-0.18439658200989,-0.123339077198615,-0.136859511610383,0.334476252660245,-0.0670623180135797,-0.297056764492843,-0.0377372369336344,-0.0765944409567813,-0.0499878870561857,-0.0638153444717276,0.214181529354356,-0.0357599269926076,-0.0357599269926076,-0.0251048222626717,-0.0135663033419592,0.252330373718131,0.206690342183731,0.0905746123225681,-0.0178661141511959,0.181824428899625,0.18381797758971,-0.16152480828555,-0.0052990538551303,-0.0377372369336344,0.0920950592844731,0.192081338376119,0.215832068696011,0.0189012303287953,-0.0513214319426707,-0.0251048222626717,NA,0.027581168711564,-0.0510307379928263,-0.0426513064873673,-0.0644294435880094,-0.0402242507278527,-0.0490436387103868,-0.0595102058918252,-0.0333793673006088,-0.0298314457258365,-0.0343764890569376,-0.0253747624669436,-0.0497743707721955,-0.0578125162286354,-0.0544891635774802,-0.0424880465433103,-0.0340156223358121,-0.0307879387777826,-0.0251048222626717,-0.047555209393609,-0.0251048222626717,-0.031452093743194,-0.0251743507572494,-0.0251655463738754,-0.0350514498570919,-0.0739880792227122,-0.0814014352180429,-0.024835679793411,-0.0772568485737992,-0.0251048222626717,-0.0340185481737738,-0.0251048222626717,0.276253598063663,-0.049710747706629,-0.0497927723688904,-0.0251800071818655,0.203852902441451,-0.121167393284911,NA,0.0434137074360942
"label",0.2469250291851,-0.111896426264992,1,0.0370109017441622,0.0524808863904377,0.104056381344932,0.113241214946335,0.0916282012464055,0.228102876860126,0.0343470110764652,0.16870636507084,0.160864715314504,-0.061050973914432,0.0288994546045035,0.0787645581423532,-0.0906985821033158,-0.0636738375794442,0.195196938157498,0.113040217085257,0.135467062014317,0.21636501712982,0.180072404746405,-0.113268535784019,-0.0347533181208699,0.058965532641694,-0.0851879448942154,-0.0144257446521154,-0.0158063310839203,-0.0883374798610281,-0.0370433893288318,-0.0849726480424758,-0.00856365280948918,-0.0636738375794442,NA,0.187479059666883,-0.120454475904824,0.0884345868932189,0.329671250685055,-0.0718077948894845,-0.111042402071235,-0.0578944079822045,-0.00877284426118349,-0.0756620624528879,0.166153874896311,0.173609841392381,0.0717355407204522,0.33422964790004,0.24853457235153,-0.0711369324617152,-0.039175843346119,0.159356821429085,-0.0636738375794442,-0.113486545872334,-0.0636738375794442,-0.0797725428040717,0.412044779908942,-0.0638278532961653,0.143323827932384,0.0580074414495589,0.224975637158546,-0.0115000393303698,0.356675975192137,-0.0636738375794442,0.144019395216538,-0.0636738375794442,-0.0790038985093613,0.0656952499672476,0.418746448579986,0.17478713615496,0.166879780319647,0.357545838520274,NA,0.265194341675409
"env",0.591693984495693,-0.18439658200989,0.0370109017441622,1,0.530491642947485,0.144416149183202,0.0796409256377601,0.110851860885338,0.260084951202732,0.156924449173548,0.189790881932278,0.308215903494099,-0.0181424727557022,0.25899206970889,0.0278238823215192,-0.200117922850927,-0.0338078397533163,0.726030491813973,-0.0963740814740489,-0.037447189794527,0.22531149924312,0.0570980226250542,-0.0402912820997064,0.151995521336949,0.111670211192747,0.152100060448468,0.00384996195224602,0.107248975295379,0.179678044659988,-0.0532865592337228,0.262528565883251,0.0126706959706917,-0.0871490980307708,NA,0.115936408015489,-0.0258279828156182,0.476548223202488,-0.0352867190485437,-0.0720749571975744,0.0216118360466269,0.0987463114870418,-0.0937239445347195,0.208622978138932,0.0136341028275147,-0.034738353865482,-0.00104096379273385,0.0324218261949118,0.181707083926006,0.139027561407625,0.0473636645209583,-0.0393962496218723,-0.0871490980307708,0.000324109650679786,-0.0338078397533163,0.0601134381464552,0.0194416709507272,0.0199627334314763,-0.0168340794281575,0.043898240704998,0.160055749897891,0.100127149568875,0.388413241168461,0.0195334185241383,-0.0871148742111479,-0.0338078397533163,0.218328343755412,0.118341532245578,0.263033957858352,0.339338423295285,0.363611404718207,0.341364893494822,NA,0.370327675938153
"run",0.506720314484993,-0.123339077198615,0.0524808863904377,0.530491642947485,1,0.485854057588479,0.287731649528381,0.310542580598131,0.18579858173676,-0.00285615571464406,0.0262156682735751,0.303208508145418,-0.0852683617310914,0.16442950627998,-0.0347334466181696,-0.19130961867468,-0.0518647939861455,0.748423207784507,-0.134115562568291,-0.00916565193782888,0.165516952728367,0.0467123093965529,0.0249623375594321,0.0671400790241073,0.128173706770732,0.0371140305679599,-0.18311131637218,-0.0055983246731586,0.0685514455325152,-0.0941225817893058,0.104455502127985,-0.049848262193524,-0.106825993583404,NA,0.0732180856390489,-0.0294040502140236,0.265542616980617,-0.0788946501684082,-0.0220586161831526,-0.00844958673294614,-0.0149468089510775,-0.100625861640416,0.120319071965522,0.00947883807024362,0.00196127222907779,-0.0526674652096154,-0.0440264547187734,0.0749612895590744,-0.0352425700917682,-0.0697877163277368,-0.00361517085613559,-0.106825993583404,-0.00127596490781615,-0.0518647939861455,-0.117768239092369,-0.0520084349571791,0.0583292596470237,-0.0195174200789219,-0.00878868837979986,0.367631625068976,0.133895773311352,0.303123344525967,0.332863603194665,-0.0702799236847804,0.00309640561111316,-0.033505065778279,0.267877022210413,0.192455191150532,0.277763484378411,0.12807644180339,0.506881253977778,NA,0.271470196833428
"volume",0.322529158527224,-0.136859511610383,0.104056381344932,0.144416149183202,0.485854057588479,1,0.318078160118365,0.434164795947347,0.122402979623421,0.0471967825106676,-0.0175622833555307,0.426201351700085,0.00573810732058096,0.205563896107298,-0.110932619251107,-0.110932619251107,-0.0778788975158534,0.510048186243472,0.0865253941187898,-0.144417334139763,0.051479773207867,0.153423789664032,0.108021319506051,0.0111726493671886,0.098703132634075,-0.0961802726681616,-0.149919191504473,0.00851754304404821,-0.0686957872132007,-0.0686177835114061,0.10534460963654,-0.0363406655298917,-0.0778788975158534,NA,0.142158626571955,-0.0230089299770228,0.0636202747801827,-0.0763944557941945,-0.124781616348837,0.00213453665728063,-0.0517694671046785,-0.0989173614274722,-0.0922206368856469,0.132118382091947,-0.0787162922316551,-0.016267873745761,-0.0553347739417548,-0.0530354537636378,-0.131804248115124,-0.105521526426723,-0.0826136091261872,-0.0778788975158534,-0.00534367463510225,-0.0778788975158534,-0.0975690789465301,-0.0780945852609006,0.16234901263494,-0.0924406596766553,-0.0409645780317451,0.234678332339293,0.160787431289453,0.207025717294768,0.162529873076564,-0.105530602811824,-0.0778788975158534,-0.0543124641927496,0.302507511490134,0.156296304010688,0.162309169128402,0.0896858502631903,0.342586988329957,NA,0.10304861269842
"copy",0.111550638818419,0.334476252660245,0.113241214946335,0.0796409256377601,0.287731649528381,0.318078160118365,1,0.462268558196726,-0.171581881823332,-0.0350561499695936,0.13255058994408,0.358090205222826,-0.0555100135410928,0.470415564827101,-0.00785833385082715,-0.147343759703009,-0.00551684780135414,0.567764465835604,0.0387681720336112,0.116068675615663,0.286594347711505,-0.0293985419784827,-0.0107026005336171,0.323502434877738,0.208807609763991,-0.0838425892002774,-0.135418514801898,0.287092199187329,0.269397391158993,-0.0578048733356464,0.377541494683745,-0.0112780136825051,-0.10344089627539,NA,0.0634689281723572,-0.0975682530058005,0.063593842242238,0.00231915138196045,-0.0685562413205867,-0.0641866914002033,-0.112256415140083,-0.13376285396762,-0.122693578476507,0.0939454660497888,-0.104553146996725,-0.123148958184291,0.191381174481971,-0.0570091033909682,-0.0876900757357329,-0.140156597205366,-0.116261650851466,-0.10344089627539,-0.0642438805277784,-0.00551684780135414,-0.00691167666512921,0.0923953805710089,-0.00576399202831526,-0.109912246032338,-0.101629865589557,0.0594016698464056,0.251864468888254,0.108110717093398,-0.00551684780135414,-0.121212511105409,-0.00551684780135414,0.0871285488025197,0.250777703474152,0.141963165964946,0.190036772577557,0.19880562893111,0.18993262437602,NA,0.109350748773934
"entrypoint",0.200168158680616,-0.0670623180135797,0.0916282012464055,0.110851860885338,0.310542580598131,0.434164795947347,0.462268558196726,1,0.266470436458706,-0.0628085288623486,0.0780763315142435,0.343371666549741,-0.299572344757639,0.186299755585322,0.00239814359612064,-0.167870051728445,-0.117851130197758,0.443846451827304,-0.118739829549883,0.128179759914446,0.207040843075747,0.148454052805226,0.0702581756425717,0.171735128274494,0.371832808111668,0.0904662428029187,0.0352003843074701,0.231868746094979,0.276244125230475,-0.0511766315719159,0.06550424617066,0.125623297929586,-0.117851130197758,NA,0.215554998019572,0.0313591456096408,-0.199952356516284,0.0978315390610044,0.0269422964856526,0.0951991033758636,0.000901021810428679,-0.147485620586354,-0.139720450496015,0.135356478245104,-0.119118327305405,-0.0936412610809349,0.0257294873843583,-0.142332897242423,-0.0229370122996983,-0.159681653775984,-0.118833867480672,-0.117851130197758,0.0624723857140449,-0.117851130197758,0.081979528824121,0.120900358027169,0.120940717299785,-0.0802866168604413,-0.00431098888242716,0.0411577526310258,0.1420912324982,0.143993347005368,0.121218305346265,-0.159695388719293,0.121218305346265,0.0996819550760566,0.055449170822241,-0.0188841870982277,-0.118200678320585,0.0781040478875054,0.156376975481569,NA,-0.218958330344062
"cmd",0.196745219706846,-0.297056764492843,0.228102876860126,0.260084951202732,0.18579858173676,0.122402979623421,-0.171581881823332,0.266470436458706,1,0.0543582403224456,-0.146203017659222,0.219352272553368,0.130088727117598,-0.193539018277751,0.0728972541446915,0.0728972541446915,-0.279145263119541,0.193406494093563,-0.0641984288221239,0.0482746550302052,-0.0640714022740165,0.174224208991413,-0.142805457627319,-0.135968051006934,-0.0610892812498594,0.180130468379103,-0.0810605338141732,-0.118494016934639,-0.114368040143934,-0.0342839651484387,-0.19898007845826,0.104619661784202,0.0511766315719159,NA,0.137426244699732,0.10178275167458,0.0869454551530679,0.129869391658718,-0.0556830148844409,0.0998575056266772,0.11881694728311,0.0680444404096379,0.0607498871251138,0.0336827334225689,0.0517269095319002,0.101157872859272,-0.0108267360269299,0.111751342384877,0.086612646821663,0.0693414577388858,0.0627617667714809,0.0511766315719159,0.0598822224065546,-0.279145263119541,-0.0324464090542042,0.0504151990229414,0.0513004187644357,0.0714530107653897,0.142096565133734,0.0884276410113262,0.0608398734637708,0.176669153673142,0.0511766315719159,0.00540369522952035,0.0511766315719159,0.135135238961898,0.100981539646159,0.0110863110290891,0.0513298973815316,0.145913939712285,0.192707372370407,NA,0.179345449842554
"workdir",-0.0359450313232651,-0.0377372369336344,0.0343470110764652,0.156924449173548,-0.00285615571464406,0.0471967825106676,-0.0350561499695936,-0.0628085288623486,0.0543582403224456,1,0.23050125118707,0.203658215377832,0.0334960782247868,-0.0622209169996572,0.0187700516509431,-0.129304800262052,0.117131437384398,0.163609452309631,-0.0793178573787071,-0.0687847890935582,0.0706651959648234,-0.0768473006136386,0.155528501884046,-0.125885146716239,-0.119964867505683,-0.1194687776966,0.445978391356543,-0.146400647303893,-0.116215981437304,0.078222830176541,-0.123533438357955,0.026938140241825,-0.0907768639729087,NA,-0.0854973330972186,0.167159248481174,0.115598660418449,0.134075630979267,0.16623132906415,0.216274791720036,0.0839635531416027,-0.0423736974910334,-0.107629419286031,-0.0758506563673053,-0.0917529443827846,0.279082965284048,0.176070864339611,0.056958537542646,-0.0896258457138469,-0.0818433334548863,-0.0776568147489007,-0.0907768639729087,0.215668505178447,0.117131437384398,-0.0529508009184647,-0.0904598091616959,0.116918363137282,-0.0844688761681752,0.21113929136066,-0.103631358345655,0.167295542999771,-0.0137721729644593,-0.0907768639729086,-0.0425143289877726,0.117131437384398,0.267120359180917,0.25372962100132,0.0394950266853435,0.116867457734647,0.296969432827782,-0.0156209624742719,NA,0.255838416282994
"user",0.164721469163264,-0.0765944409567813,0.16870636507084,0.189790881932278,0.0262156682735751,-0.0175622833555307,0.13255058994408,0.0780763315142435,-0.146203017659222,0.23050125118707,1,0.287323660958674,-0.110792414376932,0.236640460324774,0.158314871442606,-0.062084263310826,0.575328636097385,0.29895500213974,-0.0891012248116748,-0.0482773997127169,0.100774782240459,0.146683464988764,-0.111237076372615,-0.0115052552276292,0.125907251546662,-0.0185312329165275,0.0402037066023959,0.322064096859423,-0.0025817823631436,-0.100370043899779,0.175614218467189,0.069053449229048,-0.0435855027346504,NA,0.160735956009457,0.0879363882829044,-0.0740486674667947,0.233069039422981,-0.0698349572745196,0.0955946165967677,0.0909530320826179,-0.0519909609297694,-0.0517334540418094,-0.0393305257434507,-0.044054156899511,0.0935451068731017,0.219156825362375,-0.0908212232937073,-0.0737652252394926,-0.0590559050697933,-0.0367896650305006,-0.0435855027346504,0.170172303325072,0.575328636097385,0.126320165456232,0.267454024220125,-0.043690928333256,-0.0398802106406676,0.11982247099896,0.0831210272315426,0.16735264396586,0.0994577380899795,-0.0435855027346504,-0.0590609847360481,-0.0435855027346504,-0.0461588086067672,0.120857720447492,0.18993743533064,-0.0437160343300084,0.0710738072030352,0.168811935173324,NA,0.132575545222099
"expose",0.239347416835017,-0.0499878870561857,0.160864715314504,0.308215903494099,0.303208508145418,0.426201351700085,0.358090205222826,0.343371666549741,0.219352272553368,0.203658215377832,0.287323660958674,1,0.111042180167716,0.320637907293381,0.16496654597171,-0.143260421501748,-0.100574238303683,0.601308737246123,0.126165163293427,-0.0397721652947565,0.125915525950604,0.0123255121801883,0.0194455542890979,0.185610053760353,0.120054949720366,-0.158251961497358,-0.0624718452079239,0.0967891280017899,0.128627921207111,-0.0322843984253107,0.217616275085717,0.0155759460856082,-0.100574238303683,NA,0.046567118231505,0.0407740284023017,0.109990432932372,0.091960510147881,-0.161145270656045,0.0586692279841343,0.0157245499968202,-0.125388020972803,-0.119180375754185,-0.123487125117462,-0.101655665216334,0.174318545722599,0.0926091888092987,-0.105668110675639,-0.170214426272146,-0.136272436867114,-0.100083884328261,-0.100574238303683,0.0692240434943855,-0.100574238303683,-0.12600250016433,0.115541859557052,0.115576251931846,-0.111090066174866,0.0651586477251054,0.00624130445847935,0.0811231650060192,0.274731456846618,0.115812759258786,-0.136284158277499,0.115812759258786,0.0644005619473287,0.139479341993404,0.147549825884083,0.115522834311203,0.16023217525084,0.174192857419933,NA,0.0742537592966833
"maintainer",-0.151242632902855,-0.0638153444717276,-0.061050973914432,-0.0181424727557022,-0.0852683617310914,0.00573810732058096,-0.0555100135410928,-0.299572344757639,0.130088727117598,0.0334960782247868,-0.110792414376932,0.111042180167716,1,-0.0162837899979825,-0.0517260600111872,0.560365650121194,-0.0363136519601281,-0.0113301785022849,0.145377821761382,-0.0292809276253965,-0.194737459179826,-0.133403333765672,-0.107498323676571,-0.0176879106841527,-0.177218698494607,-0.20202701156241,-0.230750761104087,-0.137019874080697,-0.231236273098599,0.114286408034302,-0.0665867944529406,-0.0742354834526207,0.393397896234722,NA,-0.184251924666877,-0.0738150001362636,0.288224440521213,-0.0931959750983193,-0.0581836201031413,-0.069164035740597,-0.0722541198336444,-0.0482826253108312,-0.0424789867125772,-0.0497249431269997,-0.0367041153749021,-0.0719701381687652,-0.0908509868242568,0.084228673582551,-0.0614581580580885,-0.0492029562203475,-0.0445341728233829,-0.0363136519601281,-0.0687877135612413,-0.0363136519601281,-0.0454948604557905,-0.0364142236163219,-0.0364014882418101,-0.0507012611955796,-0.0704901268434796,-0.145245445216861,-0.195338612093645,0.225082525059967,-0.0363136519601281,-0.0492071883897818,-0.0363136519601281,-0.103412087691,-0.0310933105258709,0.113494140726044,0.393305434490095,-0.00746845176808864,-0.0982142700603818,NA,0.242786397331794
"arg",0.102023070817246,0.214181529354356,0.0288994546045035,0.25899206970889,0.16442950627998,0.205563896107298,0.470415564827101,0.186299755585322,-0.193539018277751,-0.0622209169996572,0.236640460324774,0.320637907293381,-0.0162837899979825,1,-0.0589607409051649,-0.0589607409051649,-0.0413926717804987,0.590736759468481,0.0226656566801471,-0.0467393861732329,0.258375297322062,0.032703185408755,0.239458883513511,0.415222319665021,0.17470041679384,-0.135335065665232,-0.162622851249104,0.129843610594243,0.171632318736402,0.0658164148458236,0.785711960312585,-0.0846184516058827,0.0285806543246301,NA,0.135271424433082,-0.0841391572643977,-0.0133386362853008,-0.105077519545244,-0.0663214895757363,-0.0800708514272105,-0.0948040736517232,-0.0550356891778996,-0.0490281637058778,-0.0465845890021678,-0.0418377474778639,-0.0818457371983258,0.245370988255845,-0.0642120005025142,-0.0700540217636511,-0.0560847424460447,-0.0505684513375302,-0.0413926717804987,-0.0739725830927204,-0.0413926717804987,-0.0518580127554728,-0.0415073099215432,-0.0414927933100566,-0.0577926082959174,-0.112831840246438,0.179246556383698,0.238106951237008,0.0737331113321065,-0.0413926717804987,-0.0560895665491259,-0.0413926717804987,0.00585599849066286,-0.0603362071467244,0.392013629983429,0.0284593428328013,0.197042928383784,0.258185425559374,NA,0.118157844405464
"stopsignal",0.107519527230611,-0.0357599269926076,0.0787645581423532,0.0278238823215192,-0.0347334466181696,-0.110932619251107,-0.00785833385082715,0.00239814359612064,0.0728972541446915,0.0187700516509431,0.158314871442606,0.16496654597171,-0.0517260600111872,-0.0589607409051649,1,-0.0289855072463768,-0.020348923188912,0.0308288575132039,-0.0415990149469889,-0.0317365766922193,-0.00771296580821684,0.166337825878062,-0.101761903280671,-0.0326126823264744,0.0587827793623955,0.344228984804091,0.0187700516509431,0.150363243686726,0.0843756327019059,-0.0468601297596278,-0.054857453143113,0.696783500362065,-0.020348923188912,NA,0.175749369927392,-0.0413633905400534,-0.0345713724055586,-0.0522238231746484,-0.0326041021055014,-0.039656707357678,-0.0482364940081522,-0.027055924721862,-0.0241801272814366,0.0196446677934009,-0.0205677254741804,0.372861670126252,-0.0638851736961989,-0.0448568430214193,-0.0344390406954719,-0.0275716465502997,-0.0249554207067846,-0.020348923188912,-0.0385462718300955,-0.020348923188912,-0.0254937570564821,-0.0204052800904187,-0.0203981436240009,-0.0284112451918254,0.030983493809771,-0.127620395470987,0.0245343729081923,-0.0416489945750513,-0.020348923188912,-0.0275740181126762,-0.020348923188912,-0.0885281136727416,-0.0227030400047028,-0.0403599471725437,-0.0204098649525952,-0.100742249522311,-0.109007576412944,NA,-0.129598239225532
"add",-0.211945641733575,-0.0357599269926076,-0.0906985821033158,-0.200117922850927,-0.19130961867468,-0.110932619251107,-0.147343759703009,-0.167870051728445,0.0728972541446915,-0.129304800262052,-0.062084263310826,-0.143260421501748,0.560365650121194,-0.0589607409051649,-0.0289855072463768,1,-0.020348923188912,-0.192238544620552,-0.0415990149469889,0.106220379133142,-0.0685596960730386,0.159246870827121,0.0228087024594606,-0.0326126823264744,-0.0360712509723791,-0.04786071446474,-0.129304800262052,-0.0767812308187538,-0.129576864506498,-0.0468601297596278,-0.054857453143113,-0.0415990149469889,-0.020348923188912,NA,0.132399111123816,-0.0413633905400534,-0.0345713724055586,-0.0522238231746484,-0.0326041021055014,-0.0400597408339796,-0.027226696239072,-0.027055924721862,-0.0230510404541756,-0.0278641500826006,-0.0205677254741804,-0.0403218740939893,-0.0478624144750339,-0.0448568430214193,-0.0344390406954719,-0.0275716465502997,-0.0249554207067846,-0.020348923188912,-0.0385462718300955,-0.020348923188912,-0.0254937570564821,-0.0204052800904187,-0.0203981436240009,-0.0284112451918254,-0.0596191905978297,-0.0813905583360884,-0.109461048359627,-0.0416489945750513,-0.020348923188912,-0.0275740181126762,-0.020348923188912,-0.0834202411091189,-0.0402934613980384,-0.0403599471725437,-0.0204098649525952,-0.0989212646114087,-0.141390580284572,NA,0.0360949808781785
"shell",0.0085112809532015,-0.0251048222626717,-0.0636738375794442,-0.0338078397533163,-0.0518647939861455,-0.0778788975158534,-0.00551684780135414,-0.117851130197758,-0.279145263119541,0.117131437384398,0.575328636097385,-0.100574238303683,-0.0363136519601281,-0.0413926717804987,-0.020348923188912,-0.020348923188912,1,-0.0272950249663615,-0.0292040830162285,-0.0545639462887837,-0.0481315016289667,0.0645052018514158,-0.071440707792847,-0.118517040574865,-0.0919145030018058,-0.125353969579354,0.117131437384398,-0.0539033302056925,-0.0909678633701463,-0.0328975847479884,-0.0385120084620248,-0.0292040830162285,-0.0142857142857143,NA,0.0297411021498629,-0.0290260524078259,-0.0242704119557514,-0.0334051003392185,-0.022889313743896,-0.0277922698106158,-0.0317944268401951,-0.0189942832219703,-0.0169753645698083,-0.0195616880165529,-0.014439321771643,-0.0277349147626181,-0.00821931109299151,-0.0302573961760048,-0.024177510086513,-0.0193563394656138,-0.0175196498992723,-0.0142857142857143,0.0813765808373239,1,0.278605699247923,-0.0115520143244959,-0.0143202688941411,-0.0199457694907881,-0.0295651912940094,-0.0895943480548299,-0.0768457990510503,0.014930640309885,-0.0142857142857143,-0.0193580043921658,-0.0142857142857143,-0.016940919441743,-0.0282875350096406,-0.028334210539831,-0.0143284977104667,-0.0336716577135821,-0.0992615389957022,NA,0.0711847164297521
"total_instructions",0.540543159089451,-0.0135663033419592,0.195196938157498,0.726030491813973,0.748423207784507,0.510048186243472,0.567764465835604,0.443846451827304,0.193406494093563,0.163609452309631,0.29895500213974,0.601308737246123,-0.0113301785022849,0.590736759468481,0.0308288575132039,-0.192238544620552,-0.0272950249663615,1,-0.0557988322533355,-0.000824895095749022,0.32189210482768,0.097210579221916,0.0626627575040754,0.269981868801893,0.209936239332392,-0.0128445805728731,-0.125292627209137,0.155526046092733,0.188547078956038,-0.0538401434016783,0.437018551494843,-0.00577715182420898,-0.105595904667843,NA,0.179717031120367,-0.0490331937816171,0.305210558340042,-0.00753009261243851,-0.0932551637735799,-0.00130407040685207,-0.012740129767403,-0.15294362736449,0.030884364680967,0.0268348907804922,-0.0679922257562905,-0.0122293566904771,0.157163158731832,0.0642038668822834,-0.0470243800648904,-0.100961647911783,-0.0761867808158758,-0.144746344518584,-0.00286588468925314,-0.0272950249663615,-0.0529981160597334,0.0509330262268975,0.0510824917547843,-0.0752583482556719,-0.00303874120087482,0.277295549505015,0.248953962844529,0.396788169294219,0.129306734436601,-0.13172070324605,-0.00771980504099113,0.11995338177619,0.251495016852524,0.379283786623622,0.324762912700189,0.357261152864416,0.505336762650773,NA,0.360935437012512
"from_cmds",-0.0399112033237821,0.252330373718131,0.113040217085257,-0.0963740814740489,-0.134115562568291,0.0865253941187898,0.0387681720336112,-0.118739829549883,-0.0641984288221239,-0.0793178573787071,-0.0891012248116748,0.126165163293427,0.145377821761382,0.0226656566801471,-0.0415990149469889,-0.0415990149469889,-0.0292040830162285,-0.0557988322533355,1,-0.111544301197747,0.0762557730327933,-0.214140653174601,-0.14604522527843,0.344151568785546,-0.0517682335383022,-0.16247370613309,0.026938140241825,0.0528012021163944,-0.10919997411658,0.171492767588439,0.147883889075136,-0.0597014925373134,-0.0292040830162285,NA,-0.180881326819393,-0.0583269614670934,-0.0492791279151403,-0.0317599186141034,-0.0467922993132867,-0.0540017090760745,-0.037089939497789,-0.0388297436833724,-0.0347024969289198,-0.039989681254108,-0.0295181006201968,-0.0563473090290313,-0.0729551331909055,-0.0576553999710606,-0.0494257408184559,-0.039569890125086,-0.0358151717051525,-0.0292040830162285,-0.055320299361374,-0.0292040830162285,-0.0365877737392388,-0.0292849645260195,-0.0292747225119447,-0.0407748535622073,-0.0745173125562182,-0.0172877265714269,-0.15709477664547,0.0305224961366729,-0.0292040830162285,0.462159537265563,-0.0292040830162285,-0.0851283324782712,-0.0516890871443328,-0.0578490600606113,-0.0277661213035545,-0.111193620036745,0.0294559774490955,NA,-0.0751575084193683
"label_cmds",0.0235855176750897,0.206690342183731,0.135467062014317,-0.037447189794527,-0.00916565193782888,-0.144417334139763,0.116068675615663,0.128179759914446,0.0482746550302052,-0.0687847890935582,-0.0482773997127169,-0.0397721652947565,-0.0292809276253965,-0.0467393861732329,-0.0317365766922193,0.106220379133142,-0.0545639462887837,-0.000824895095749022,-0.111544301197747,1,0.0418612457661099,0.0673294067920786,-0.050182268689455,0.107338375324132,-0.0288972085047164,0.140345323603605,-0.108489829952441,0.159558928966551,0.369670206256195,-0.095914011389786,-0.132982465079415,-0.0455472563224133,-0.0545639462887837,NA,0.150851880470994,0.0727009584235982,-0.0919372897149546,0.0834731321824159,-0.0850299732606157,0.0944053023547652,0.0505515839160979,-0.0663301987528642,-0.0647360832271516,0.0413204065969319,0.0094246289873009,0.0775729985966767,-0.0239641700709942,-0.0372360537205223,-0.0923454253229916,-0.0739310786864451,0.0148005709786657,-0.0545639462887837,0.0875252382159113,-0.0545639462887837,-0.0683593907065882,0.0744241716562773,-0.0546959267946597,0.00871536433861609,0.0807402240078471,0.108189842875996,-0.0420023937961593,0.0963918526920991,-0.0545639462887837,-0.073937437833852,-0.0545639462887837,0.219656434029744,0.106300759827771,-0.0660015906514872,-0.0547264390753611,0.168412438469268,0.0781898664690396,NA,-0.00730625880197705
"env_cmds",0.200661699033562,0.0905746123225681,0.21636501712982,0.22531149924312,0.165516952728367,0.051479773207867,0.286594347711505,0.207040843075747,-0.0640714022740165,0.0706651959648234,0.100774782240459,0.125915525950604,-0.194737459179826,0.258375297322062,-0.00771296580821684,-0.0685596960730386,-0.0481315016289667,0.32189210482768,0.0762557730327933,0.0418612457661099,1,0.261568206305977,0.127611650687872,0.0436743364754658,0.200738230937178,0.01817817533682,0.228274481205738,0.194475514910751,0.262832471486238,0.0465522585242742,0.253065805030329,-0.0110693864079861,-0.133564917020383,NA,0.404856420555751,0.0586481316051317,-0.0230406717006644,0.0172098398742395,-0.0860342775138132,0.0939178437351806,0.142208072087104,-0.0853163007030889,-0.157647482710548,0.00202399084736169,-0.00611039438273494,0.0668545559441675,0.016652620952944,0.0134737830236142,-0.182035264745999,-0.106183177919199,-0.00334661021396869,-0.0908482093246747,0.0857456653927077,-0.0481315016289667,-0.101330177153497,-0.00554658657129603,-0.00573385800318296,-0.0145086493044711,0.0595427062448169,0.14373084938744,0.184807643603271,0.0540248185084303,-0.133564917020383,0.364772224504581,0.165452036849573,0.230548192602618,0.245069912318051,0.167259419223918,0.0384192523200434,0.31587900474601,0.291738402273872,NA,0.120581676926037
"run_cmds",0.300874888338834,-0.0178661141511959,0.180072404746405,0.0570980226250542,0.0467123093965529,0.153423789664032,-0.0293985419784827,0.148454052805226,0.174224208991413,-0.0768473006136386,0.146683464988764,0.0123255121801883,-0.133403333765672,0.032703185408755,0.166337825878062,0.159246870827121,0.0645052018514158,0.097210579221916,-0.214140653174601,0.0673294067920786,0.261568206305977,1,0.14230795075633,-0.186184563653424,0.0313296009720518,0.098127265007601,-0.085010619624027,0.147909849194485,0.171164399735114,-0.193075654059246,-0.0955966807275721,0.238722394820815,-0.16448826472111,NA,0.971949481881529,0.0400743265503116,-0.106061164218761,0.0181198471722397,-0.0803857388059859,0.040038194213022,0.0659418999214628,0.0866640906533299,-0.17007229812948,0.085266129427898,0.0988052568712522,0.000762685164123837,-0.078158760515773,0.126742919930125,-0.190682181774534,0.0296230707203725,0.103119298432532,0.00974589462755087,0.0445607682612334,0.0645052018514158,-0.0721939307117419,0.039792377378875,0.0492153252866403,0.0807501335637051,0.0402415185686001,0.265331860214011,0.0778184147547962,0.128990503314017,-0.149553908205511,-0.0590685597853863,-0.139597670528444,0.0748825519936667,-0.0492071560968462,0.145420459877897,-0.0948980365996036,0.120291914921894,0.249814464068897,NA,-0.00103595142717235
"volume_cmds",0.0409521789705066,0.181824428899625,-0.113268535784019,-0.0402912820997064,0.0249623375594321,0.108021319506051,-0.0107026005336171,0.0702581756425717,-0.142805457627319,0.155528501884046,-0.111237076372615,0.0194455542890979,-0.107498323676571,0.239458883513511,-0.101761903280671,0.0228087024594606,-0.071440707792847,0.0626627575040754,-0.14604522527843,-0.050182268689455,0.127611650687872,0.14230795075633,1,0.215289897583371,0.114508312877358,-0.0889170495475223,0.155528501884046,-0.159568573385538,0.399830466412063,0.318820413500246,0.164233341484089,-0.14604522527843,-0.071440707792847,NA,0.205248245058451,-0.14519769768492,-0.0368896222190294,-0.161628909634262,-0.114466014232953,-0.129604443417784,-0.166905971686567,-0.0392031557801168,-0.0843843623561894,0.0903525030093125,-0.0722088757190389,-0.140680374799769,-0.0683300156935258,-0.0602064861640253,0.00823442626203641,-0.0621764276513315,-0.0872890046139002,-0.071440707792847,-0.134395065477857,-0.071440707792847,0.078495262182756,-0.0716385647946784,0.10329851756794,-0.0618110015178036,-0.18251668005661,0.0332646366474675,0.102356621348141,-0.0776696858114597,-0.071440707792847,0.0047687915008047,-0.071440707792847,0.20050819947508,-0.123339517700211,-0.0937830793073597,-0.0716521758790774,0.0998909724143183,0.0210925197407995,NA,-0.0539826192221629
"copy_cmds",0.084413340815344,0.18381797758971,-0.0347533181208699,0.151995521336949,0.0671400790241073,0.0111726493671886,0.323502434877738,0.171735128274494,-0.135968051006934,-0.125885146716239,-0.0115052552276292,0.185610053760353,-0.0176879106841527,0.415222319665021,-0.0326126823264744,-0.0326126823264744,-0.118517040574865,0.269981868801893,0.344151568785546,0.107338375324132,0.0436743364754658,-0.186184563653424,0.215289897583371,1,0.505589778031383,0.0413011573298814,0.0309191588425849,0.214279702264677,0.406461938996972,0.0793962784138087,0.46777365907368,-0.0468046133548342,-0.118517040574865,NA,-0.03884965868927,-0.182744839314483,-0.0859089626380866,-0.0591597353515444,-0.00869460382966003,-0.162349144034293,-0.186226856060231,-0.0947436667798912,0.101092178906155,0.0699733300148698,-0.119791397899834,-0.154011903121983,0.144988880310068,-0.149381499275404,0.0113567112176328,-0.0301760667315179,-0.139951588304304,-0.118517040574865,-0.162671114519779,-0.118517040574865,-0.0566368058595065,0.072404884877859,-0.0227224141893095,-0.1382539964334,-0.191567993761085,0.174618456566247,0.0630782566191991,0.0572417859513903,-0.0228953373837807,0.13556951861787,-0.0228953373837807,0.11548704198429,-0.140269896109636,-0.0706006087646643,-0.118023741118747,0.0373494046855688,0.209555993309472,NA,-0.0319797210610387
"entrypoint_cmds",0.121021883758741,-0.16152480828555,0.058965532641694,0.111670211192747,0.128173706770732,0.098703132634075,0.208807609763991,0.371832808111668,-0.0610892812498594,-0.119964867505683,0.125907251546662,0.120054949720366,-0.177218698494607,0.17470041679384,0.0587827793623955,-0.0360712509723791,-0.0919145030018058,0.209936239332392,-0.0517682335383022,-0.0288972085047164,0.200738230937178,0.0313296009720518,0.114508312877358,0.505589778031383,1,0.000678753921248294,0.0165336195600781,0.365099302608695,0.381118168920331,-0.150324324702965,0.256807218863811,0.0843630472476036,-0.0919145030018058,NA,0.144630870817672,0.0423370546473341,-0.0917432890487066,0.232883230122589,-0.0270680213649432,0.0612404513013748,0.0401422350719784,-0.0720371006464847,-0.108783752826849,0.0426124261376039,-0.0929028159026604,0.0498458435436688,0.199807795959012,-0.123597259523108,-0.0572231652357509,-0.0981763501260885,-0.0910849408265115,-0.0919145030018058,0.0673264377417085,-0.0919145030018058,0.0127687011744095,0.307391767530959,0.0410495742299323,-0.0723659836863249,0.0643797840169949,0.275861164700928,0.123171831199709,0.00326748186567096,-0.0919145030018058,0.00435742372117394,0.307632214128493,-0.0984015737024333,-0.00762266969917721,-0.0726552064955351,-0.0917921771558746,-0.126998404442027,0.256889600905734,NA,-0.189381587499812
"cmd_cmds",0.0400251986694504,-0.0052990538551303,-0.0851879448942154,0.152100060448468,0.0371140305679599,-0.0961802726681616,-0.0838425892002774,0.0904662428029187,0.180130468379103,-0.1194687776966,-0.0185312329165275,-0.158251961497358,-0.20202701156241,-0.135335065665232,0.344228984804091,-0.04786071446474,-0.125353969579354,-0.0128445805728731,-0.16247370613309,0.140345323603605,0.01817817533682,0.098127265007601,-0.0889170495475223,0.0413011573298814,0.000678753921248294,1,0.23787796534711,0.277129732683845,0.275196446510005,0.218436128868815,-0.170803247634492,0.494025740599802,-0.0336000330831258,NA,0.167367321813477,0.0346195795605169,0.100212935514706,-0.046795020113752,-0.100326774012783,0.0536251090873381,0.00731550680684757,-0.0411401340537178,0.643896723594142,-0.00900739662440159,-0.0339613182457572,0.0160170334642047,-0.180587019219849,-0.036534737067108,0.354242862971144,-0.0455261552488986,-0.0313253875132602,-0.0336000330831258,0.0329083346574076,-0.125353969579354,-0.0689173246610723,-0.0339439633301661,-0.0321478267146276,-0.0344749037315846,0.0574769490950416,-0.00521026106314045,0.108588724522606,-0.140692710679115,-0.0336000330831258,-0.0455300711600045,-0.0336000330831258,0.0101479265221036,-0.0659652882717004,-0.131370147381332,-0.125458074996568,-0.077244239501766,-0.0401464305522615,NA,-0.174377686693748
"workdir_cmds",-0.0914948082769326,-0.0377372369336344,-0.0144257446521154,0.00384996195224602,-0.18311131637218,-0.149919191504473,-0.135418514801898,0.0352003843074701,-0.0810605338141732,0.445978391356543,0.0402037066023959,-0.0624718452079239,-0.230750761104087,-0.162622851249104,0.0187700516509431,-0.129304800262052,0.117131437384398,-0.125292627209137,0.026938140241825,-0.108489829952441,0.228274481205738,-0.085010619624027,0.155528501884046,0.0309191588425849,0.0165336195600781,0.23787796534711,1,0.0497209745560391,0.160881078780746,0.173978363668513,-0.0932368092615307,0.026938140241825,-0.0907768639729087,NA,-0.0202354952800848,-0.066160442350998,0.0215216434255923,0.014750361716979,0.16623132906415,-0.0260609986291911,-0.1006597781568,-0.11669247255846,0.135642473655053,-0.0608530477624602,-0.0917529443827846,0.0424477240116103,0.154354890400975,-0.0796282734614944,0.201533254407544,-0.122997545627843,-0.099960587304224,-0.0907768639729087,-0.0278575772463266,0.117131437384398,0.146745868596207,-0.0904598091616959,0.117414757551128,-0.0675592233262379,-0.0305726983824587,-0.143547234164145,-0.0640937469934188,-0.104311458193775,-0.0907768639729086,0.118473263445926,0.117131437384398,0.116024784940335,-0.171624168576874,-0.180016608488696,-0.0904369109310901,-0.0292670826364552,-0.164742083237069,NA,0.0108113643743798
"user_cmds",0.0634575673700245,0.0920950592844731,-0.0158063310839203,0.107248975295379,-0.0055983246731586,0.00851754304404821,0.287092199187329,0.231868746094979,-0.118494016934639,-0.146400647303893,0.322064096859423,0.0967891280017899,-0.137019874080697,0.129843610594243,0.150363243686726,-0.0767812308187538,-0.0539033302056925,0.155526046092733,0.0528012021163944,0.159558928966551,0.194475514910751,0.147909849194485,-0.159568573385538,0.214279702264677,0.365099302608695,0.277129732683845,0.0497209745560391,1,0.31796537250008,0.0227572136283874,0.133532505714887,0.215796217345264,-0.0539033302056925,NA,0.241775036951228,-0.106568643763915,-0.0913708718770553,0.12949725596446,-0.0863667165843247,-0.105391478380039,-0.0598774060492052,-0.0716698584374018,-0.0639920967114914,-0.0358647648761415,-0.0544829270582182,-0.1041598731409,0.142035922247069,-0.112245257740962,-0.0912273816821341,-0.0730359810451922,-0.0660400539906391,-0.0539033302056925,-0.0962290109649958,-0.0539033302056925,-0.0675317505521889,0.264886685549605,-0.0540337127984635,-0.0752600379348006,-0.0947230036286917,0.0905518823955607,0.0945693459853108,0.0285596209018017,-0.0539033302056925,-0.073042263201191,-0.0539033302056925,0.0639643452094008,0.0252687134350709,-0.0194688096350142,-0.0540647620407156,0.0388213874198027,0.0972587823772306,NA,-0.0672963883987948
"expose_cmds",0.266388711151048,0.192081338376119,-0.0883374798610281,0.179678044659988,0.0685514455325152,-0.0686957872132007,0.269397391158993,0.276244125230475,-0.114368040143934,-0.116215981437304,-0.0025817823631436,0.128627921207111,-0.231236273098599,0.171632318736402,0.0843756327019059,-0.129576864506498,-0.0909678633701463,0.188547078956038,-0.10919997411658,0.369670206256195,0.262832471486238,0.171164399735114,0.399830466412063,0.406461938996972,0.381118168920331,0.275196446510005,0.160881078780746,0.31796537250008,1,0.136407931845189,0.21440709516815,0.121093040604524,-0.0909678633701463,NA,0.328748525460627,-0.0144828258112017,-0.0279348616366358,0.0226348577489962,-0.14575343757038,-0.00212619071725122,-0.0481347634864322,-0.115164877599876,0.0678849299547422,-0.0878886446076376,-0.0919459975056279,-0.00532341656233412,0.0670092714568291,-0.17074624934871,0.278195544779218,-0.123256339069789,-0.0952773603191055,-0.0909678633701463,0.00709065103919055,-0.0909678633701463,0.318843506312656,0.058988255374872,0.0593781664605703,-0.00891849429147082,-0.0289831001367434,0.160025647502995,-0.0156963871822036,0.238976249942191,-0.0909678633701463,0.0802668452414848,0.0592348877759092,0.204667339000912,-0.102232949291787,-0.0980150019595451,-0.0907918903741805,0.103703405535178,0.236517529523369,NA,-0.179836273717205
"maintainer_cmds",-0.0937366911804285,0.215832068696011,-0.0370433893288318,-0.0532865592337228,-0.0941225817893058,-0.0686177835114061,-0.0578048733356464,-0.0511766315719159,-0.0342839651484387,0.078222830176541,-0.100370043899779,-0.0322843984253107,0.114286408034302,0.0658164148458236,-0.0468601297596278,-0.0468601297596278,-0.0328975847479884,-0.0538401434016783,0.171492767588439,-0.095914011389786,0.0465522585242742,-0.193075654059246,0.318820413500246,0.0793962784138087,-0.150324324702965,0.218436128868815,0.173978363668513,0.0227572136283874,0.136407931845189,1,-0.0206136524713842,-0.0672520657209566,0.434248118673447,NA,-0.144995652766004,-0.0666155291972186,0.11313104784103,-0.0443703888068403,-0.0527102197099182,-0.0638470844256816,-0.0481001006765382,-0.0437406229415445,0.421362573829131,-0.0450472602536781,-0.033251316818027,-0.0651784531385508,-0.0629593213738867,-0.0395522578517442,0.253606101727632,-0.0445743772586605,-0.0403447917121479,-0.0328975847479884,-0.0623167738399315,-0.0328975847479884,-0.0412151063485876,-0.0329886955122407,-0.0318618178190002,-0.0459317349530931,-0.0453342889650159,-0.146529757858563,-0.0469866965410329,-0.00630350239668089,-0.0328975847479884,0.0458518744831108,-0.0328975847479884,0.105346394789716,-0.0616509753356952,-0.0652488964751007,-0.0329961077419005,0.047044495213221,-0.123876990716142,NA,-0.0552308715793233
"arg_cmds",0.0588042996383704,0.0189012303287953,-0.0849726480424758,0.262528565883251,0.104455502127985,0.10534460963654,0.377541494683745,0.06550424617066,-0.19898007845826,-0.123533438357955,0.175614218467189,0.217616275085717,-0.0665867944529406,0.785711960312585,-0.054857453143113,-0.054857453143113,-0.0385120084620248,0.437018551494843,0.147883889075136,-0.132982465079415,0.253065805030329,-0.0955966807275721,0.164233341484089,0.46777365907368,0.256807218863811,-0.170803247634492,-0.0932368092615307,0.133532505714887,0.21440709516815,-0.0206136524713842,1,-0.0787295524572666,-0.0385120084620248,NA,0.0259361722188933,-0.0778543626726775,-0.0654243744206792,-0.0873896817884926,-0.0617059411216406,-0.0746817192878492,-0.088829648985127,-0.0512055597322232,-0.0455962872342951,-0.0527351926097482,-0.038926109757879,-0.0750258403059206,0.276694623807571,-0.084598589252677,0.0439517339731946,0.16240622213229,-0.0471617080404173,-0.0385120084620248,-0.0676488836223336,-0.0385120084620248,0.0937161322353087,-0.0386186685269124,-0.0386051621780742,-0.0217142420741665,-0.107659306124372,0.193572042316805,0.210928887877715,-0.0627329579779119,-0.0385120084620248,0.29115407671507,-0.0385120084620248,-0.0767938569571709,-0.0575306543220668,0.166401214093957,-0.0377574620067729,0.00780163922099075,0.265773558418195,NA,0.132601795106892
"stopsignal_cmds",0.100181604747561,-0.0513214319426707,-0.00856365280948918,0.0126706959706917,-0.049848262193524,-0.0363406655298917,-0.0112780136825051,0.125623297929586,0.104619661784202,0.026938140241825,0.069053449229048,0.0155759460856082,-0.0742354834526207,-0.0846184516058827,0.696783500362065,-0.0415990149469889,-0.0292040830162285,-0.00577715182420898,-0.0597014925373134,-0.0455472563224133,-0.0110693864079861,0.238722394820815,-0.14604522527843,-0.0468046133548342,0.0843630472476036,0.494025740599802,0.026938140241825,0.215796217345264,0.121093040604524,-0.0672520657209566,-0.0787295524572666,1,-0.0292040830162285,NA,0.252229522995405,0.232019874984888,-0.049615658791568,0.111520270320613,-0.0467922993132867,0.245043537745281,0.1762323739375,-0.0288456004769351,-0.0347024969289198,-0.00589816082393503,-0.0295181006201968,0.238608289625608,-0.0351672135633635,-0.0623729809762347,-0.0494257408184559,-0.039569890125086,-0.00801045762386271,-0.0292040830162285,0.247643711155968,-0.0292040830162285,-0.0365877737392388,-0.0292849645260195,-0.0292747225119447,-0.00564118119671315,0.226055880101772,-0.0504614721544351,0.227516573072749,-0.104921080469813,-0.0292040830162285,-0.0395732937108127,-0.0292040830162285,-0.126124247569852,-0.0452052189596961,-0.0579232245763164,-0.0292915445644016,-0.145627598150905,0.00621848412814239,NA,-0.197070440429514
"add_cmds",-0.0787074125259974,-0.0251048222626717,-0.0636738375794442,-0.0871490980307708,-0.106825993583404,-0.0778788975158534,-0.10344089627539,-0.117851130197758,0.0511766315719159,-0.0907768639729087,-0.0435855027346504,-0.100574238303683,0.393397896234722,0.0285806543246301,-0.020348923188912,-0.020348923188912,-0.0142857142857143,-0.105595904667843,-0.0292040830162285,-0.0545639462887837,-0.133564917020383,-0.16448826472111,-0.071440707792847,-0.118517040574865,-0.0919145030018058,-0.0336000330831258,-0.0907768639729087,-0.0539033302056925,-0.0909678633701463,0.434248118673447,-0.0385120084620248,-0.0292040830162285,1,NA,-0.185634595458678,-0.0290386657641718,-0.0242704119557514,-0.0366631005412223,-0.022889313743896,-0.0281234543273439,-0.0338638445458634,-0.0189942832219703,-0.0169753645698083,-0.0195616880165529,-0.014439321771643,-0.0283237392467052,-0.0265345605413316,-0.0314912016333281,-0.024177510086513,-0.0193563394656138,-0.0175196498992723,-0.0142857142857143,-0.027060941801789,-0.0142857142857143,-0.0178975823928002,-0.0143252789636817,-0.0143202688941411,-0.0199457694907881,-0.0421440625942726,-0.0895943480548299,-0.0768457990510503,0.014930640309885,-0.0142857142857143,-0.0193580043921658,-0.0142857142857143,-0.0447740257197296,-0.0282875350096406,-0.028334210539831,-0.0143284977104667,-0.0575939672720404,-0.0992615389957022,NA,-0.0407417603607762
"shell_cmds",NA,NA,NA,NA,NA,NA,NA,NA,NA,NA,NA,NA,NA,NA,NA,NA,NA,NA,NA,NA,NA,NA,NA,NA,NA,NA,NA,NA,NA,NA,NA,NA,NA,1,NA,NA,NA,NA,NA,NA,NA,NA,NA,NA,NA,NA,NA,NA,NA,NA,NA,NA,NA,NA,NA,NA,NA,NA,NA,NA,NA,NA,NA,NA,NA,NA,NA,NA,NA,NA,NA,NA,NA
"total_cmds",0.328355460969908,0.027581168711564,0.187479059666883,0.115936408015489,0.0732180856390489,0.142158626571955,0.0634689281723572,0.215554998019572,0.137426244699732,-0.0854973330972186,0.160735956009457,0.046567118231505,-0.184251924666877,0.135271424433082,0.175749369927392,0.132399111123816,0.0297411021498629,0.179717031120367,-0.180881326819393,0.150851880470994,0.404856420555751,0.971949481881529,0.205248245058451,-0.03884965868927,0.144630870817672,0.167367321813477,-0.0202354952800848,0.241775036951228,0.328748525460627,-0.144995652766004,0.0259361722188933,0.252229522995405,-0.185634595458678,NA,1,0.0321402172817088,-0.117995614511784,0.021066173461175,-0.108218769657724,0.0422915910076227,0.0598155345992895,0.0453773100635435,-0.145347769777153,0.081363087670227,0.0710140675681898,0.000302694703596134,-0.0468937697056454,0.0870976939061902,-0.172957199960092,0.00329954964108436,0.0736438801853446,-0.0264438624436696,0.0450221244699631,0.0297411021498629,-0.0706711523813692,0.05323469978577,0.043490821485963,0.0570106791166522,0.0320764891601162,0.304879951798094,0.118730787555962,0.128769008612877,-0.17627043469309,0.0103911952603225,-0.110721309333968,0.123715792823713,-0.0374643765298742,0.136411104740945,-0.115302917794217,0.157593681906512,0.310964330289773,NA,-0.00800414412404012
"cpp",0.0580282893883705,-0.0510307379928263,-0.120454475904824,-0.0258279828156182,-0.0294040502140236,-0.0230089299770228,-0.0975682530058005,0.0313591456096408,0.10178275167458,0.167159248481174,0.0879363882829044,0.0407740284023017,-0.0738150001362636,-0.0841391572643977,-0.0413633905400534,-0.0413633905400534,-0.0290260524078259,-0.0490331937816171,-0.0583269614670934,0.0727009584235982,0.0586481316051317,0.0400743265503116,-0.14519769768492,-0.182744839314483,0.0423370546473341,0.0346195795605169,-0.066160442350998,-0.106568643763915,-0.0144828258112017,-0.0666155291972186,-0.0778543626726775,0.232019874984888,-0.0290386657641718,NA,0.0321402172817088,1,-0.0403668853634518,0.548359556278304,0.00327745507623692,0.941492303254327,0.759741094593657,0.293485647192085,-0.0297070752070857,-0.0341315607240655,-0.0112193229984977,0.595879909980513,0.0897920690623956,-0.0433667642156772,-0.00540323401443785,0.0200207331651348,0.0938438877552106,0.284906156587048,0.944829059970255,-0.0290260524078259,-0.0363768466895082,-0.0206762165965016,-0.0289911768057888,0.0917626581663126,0.911178051700495,0.0461398976520283,0.355233132618957,-0.146809035333142,-0.0290386657641718,-0.0379235696635748,0.541103152554248,-0.0417817732962541,0.305789941479996,-0.0466397468108985,-0.0291212977284603,-0.0161683245426847,0.140027073795815,NA,-0.0156878614319611
"java",0.262770138239936,-0.0426513064873673,0.0884345868932189,0.476548223202488,0.265542616980617,0.0636202747801827,0.063593842242238,-0.199952356516284,0.0869454551530679,0.115598660418449,-0.0740486674667947,0.109990432932372,0.288224440521213,-0.0133386362853008,-0.0345713724055586,-0.0345713724055586,-0.0242704119557514,0.305210558340042,-0.0492791279151403,-0.0919372897149546,-0.0230406717006644,-0.106061164218761,-0.0368896222190294,-0.0859089626380866,-0.0917432890487066,0.100212935514706,0.0215216434255923,-0.0913708718770553,-0.0279348616366358,0.11313104784103,-0.0654243744206792,-0.049615658791568,-0.0242704119557514,NA,-0.117995614511784,-0.0403668853634518,1,-0.0587369148937961,-0.0340387915270952,-0.0475897743925669,-0.0556212334001954,-0.00524997005349847,0.332674242850626,-0.0327252061932855,-0.0128941406510431,-0.0479429638420793,-0.0411897541756611,0.349565727287309,0.205374073667056,-0.0275229458974906,-0.0163904339643712,0.00408569688691417,-0.0459324292916126,-0.0242704119557514,-0.0304067188379685,-0.0243376295280731,-0.0234544854427049,-0.0226487956790783,0.0580600883194135,0.00623073063100417,-0.0451542174672806,0.235137690294941,-0.0242704119557514,-0.0328878718867376,-0.0242704119557514,-0.0693466985934244,0.0229215590302366,0.284714430422363,0.801632019384126,0.14471990149007,0.0915963497314272,NA,0.498907314760967
"ansic",0.0513801201031472,-0.0644294435880094,0.329671250685055,-0.0352867190485437,-0.0788946501684082,-0.0763944557941945,0.00231915138196045,0.0978315390610044,0.129869391658718,0.134075630979267,0.233069039422981,0.091960510147881,-0.0931959750983193,-0.105077519545244,-0.0522238231746484,-0.0522238231746484,-0.0334051003392185,-0.00753009261243851,-0.0317599186141034,0.0834731321824159,0.0172098398742395,0.0181198471722397,-0.161628909634262,-0.0591597353515444,0.232883230122589,-0.046795020113752,0.014750361716979,0.12949725596446,0.0226348577489962,-0.0443703888068403,-0.0873896817884926,0.111520270320613,-0.0366631005412223,NA,0.021066173461175,0.548359556278304,-0.0587369148937961,1,-0.0215283759636739,0.560263949633192,0.545164344758826,-0.0187328220643492,-0.0407561256040381,-0.0500304862534976,0.164019847943312,0.421902895773914,0.669840797146051,0.0885165455260507,0.0299113936003645,-0.038246997842632,0.214561449356644,-0.0270813198967828,0.575235422242105,-0.0334051003392185,0.00770370007514504,0.713769269901235,0.0327587727337314,0.230381794161313,0.719969115633094,0.114389663385026,0.220762198593791,0.0574472373469741,-0.0366631005412223,-0.0476093584859107,0.324768862082397,-0.100406721569961,0.163528340192727,0.0590411577723552,-0.0367724466405121,-0.034385705222962,0.215002816402135,NA,0.0143229121674921
"pascal",-0.0950969074828317,-0.0402242507278527,-0.0718077948894845,-0.0720749571975744,-0.0220586161831526,-0.124781616348837,-0.0685562413205867,0.0269422964856526,-0.0556830148844409,0.16623132906415,-0.0698349572745196,-0.161145270656045,-0.0581836201031413,-0.0663214895757363,-0.0326041021055014,-0.0326041021055014,-0.022889313743896,-0.0932551637735799,-0.0467922993132867,-0.0850299732606157,-0.0860342775138132,-0.0803857388059859,-0.114466014232953,-0.00869460382966003,-0.0270680213649432,-0.100326774012783,0.16623132906415,-0.0863667165843247,-0.14575343757038,-0.0527102197099182,-0.0617059411216406,-0.0467922993132867,-0.022889313743896,NA,-0.108218769657724,0.00327745507623692,-0.0340387915270952,-0.0215283759636739,1,-0.0373983449708219,-0.044617170091126,0.120265489024939,-0.0247814300702523,0.0604965061799265,0.0151742608269823,-0.0227113936817146,0.0502733806563353,-0.0185650960289252,-0.00286825107972278,-0.00110757544281286,0.0200564891332339,0.135261908193112,-0.0432205929178426,-0.022889313743896,-0.0286764365052223,-0.0229527063267982,-0.0229446789330465,0.00476470038019986,-0.0123628678839381,0.0668601770272067,0.0430320182253539,-0.11761968467995,-0.022889313743896,-0.03101640051916,-0.022889313743896,-0.0259771980471129,-0.0451485770297778,-0.020836641089198,-0.0229578635701497,-0.0405264880904905,-0.00419199743278502,NA,-0.0260817281824764
"javascript",0.0685485460291522,-0.0490436387103868,-0.111042402071235,0.0216118360466269,-0.00844958673294614,0.00213453665728063,-0.0641866914002033,0.0951991033758636,0.0998575056266772,0.216274791720036,0.0955946165967677,0.0586692279841343,-0.069164035740597,-0.0800708514272105,-0.039656707357678,-0.0400597408339796,-0.0277922698106158,-0.00130407040685207,-0.0540017090760745,0.0944053023547652,0.0939178437351806,0.040038194213022,-0.129604443417784,-0.162349144034293,0.0612404513013748,0.0536251090873381,-0.0260609986291911,-0.105391478380039,-0.00212619071725122,-0.0638470844256816,-0.0746817192878492,0.245043537745281,-0.0281234543273439,NA,0.0422915910076227,0.941492303254327,-0.0475897743925669,0.560263949633192,-0.0373983449708219,1,0.773785724981926,0.00095758457243918,-0.0329395053400196,0.0158458492224311,-0.0280669942069532,0.620777103551749,0.0817773293078166,-0.000519850462255289,-0.046991379903342,-0.0372764681280874,0.061307173741762,-0.0237382744657932,0.983695449592956,-0.0277922698106158,-0.0351371146340344,-0.028200437480089,-0.0281914799739761,0.0813151316116694,0.917599461724084,0.0240082612573452,0.362008601328254,-0.142164302507303,-0.0281234543273439,-0.0381089766674117,0.563274685338189,0.0151758079511686,0.321414905767089,-0.0555579662271042,-0.0282076795657833,0.0306107444781122,0.131263907419607,NA,-0.0326588859390077
"python",0.111155075952067,-0.0595102058918252,-0.0578944079822045,0.0987463114870418,-0.0149468089510775,-0.0517694671046785,-0.112256415140083,0.000901021810428679,0.11881694728311,0.0839635531416027,0.0909530320826179,0.0157245499968202,-0.0722541198336444,-0.0948040736517232,-0.0482364940081522,-0.027226696239072,-0.0317944268401951,-0.012740129767403,-0.037089939497789,0.0505515839160979,0.142208072087104,0.0659418999214628,-0.166905971686567,-0.186226856060231,0.0401422350719784,0.00731550680684757,-0.1006597781568,-0.0598774060492052,-0.0481347634864322,-0.0481001006765382,-0.088829648985127,0.1762323739375,-0.0338638445458634,NA,0.0598155345992895,0.759741094593657,-0.0556212334001954,0.545164344758826,-0.044617170091126,0.773785724981926,1,0.0348188641829709,-0.0392249245327841,-0.0453184969897756,-0.0038758594850144,0.483144748779287,0.117823390074913,-0.043820473817286,-0.0497637604976367,-0.0355458614303857,0.0694612561979556,0.0208047223509382,0.780210172781958,-0.0317944268401951,-0.0418207193125186,0.110419647155487,-0.0330066623277131,0.0797664329804204,0.750656069031434,0.0660980731290329,0.235253775410724,-0.00907234389773607,-0.0338638445458634,-0.0455004191094506,0.44642076050498,-0.0498280478447737,0.256917164755157,-0.044877814159734,-0.0339652236900696,-0.0295883350622016,0.160260773698408,NA,-0.0670288154522053
"cs",-0.0776416021719404,-0.0333793673006088,-0.00877284426118349,-0.0937239445347195,-0.100625861640416,-0.0989173614274722,-0.13376285396762,-0.147485620586354,0.0680444404096379,-0.0423736974910334,-0.0519909609297694,-0.125388020972803,-0.0482826253108312,-0.0550356891778996,-0.027055924721862,-0.027055924721862,-0.0189942832219703,-0.15294362736449,-0.0388297436833724,-0.0663301987528642,-0.0853163007030889,0.0866640906533299,-0.0392031557801168,-0.0947436667798912,-0.0720371006464847,-0.0411401340537178,-0.11669247255846,-0.0716698584374018,-0.115164877599876,-0.0437406229415445,-0.0512055597322232,-0.0288456004769351,-0.0189942832219703,NA,0.0453773100635435,0.293485647192085,-0.00524997005349847,-0.0187328220643492,0.120265489024939,0.00095758457243918,0.0348188641829709,1,-0.00779736219333506,-0.00867232790323219,-0.0150508429397191,-0.0136489362900523,-0.0277731395469072,0.070241198847597,0.101300583943428,0.221059897743905,0.0444270797185381,0.947498161389286,-0.00172715028459327,-0.0189942832219703,-0.0237966224270178,-0.0190468884108933,-0.0190402270233061,-0.022547683022817,0.0957035062528432,0.0522343210382139,0.0337721328525769,-0.0976045690266966,-0.0189942832219703,-0.0257383992625859,0.000541425830158967,0.0283667884615921,-0.0251677198822255,-0.0376731613905141,-0.019051168056057,0.000788337614005395,-0.00581467686990107,NA,0.0675918111359011
"ruby",-0.0434125482820835,-0.0298314457258365,-0.0756620624528879,0.208622978138932,0.120319071965522,-0.0922206368856469,-0.122693578476507,-0.139720450496015,0.0607498871251138,-0.107629419286031,-0.0517334540418094,-0.119180375754185,-0.0424789867125772,-0.0490281637058778,-0.0241801272814366,-0.0230510404541756,-0.0169753645698083,0.030884364680967,-0.0347024969289198,-0.0647360832271516,-0.157647482710548,-0.17007229812948,-0.0843843623561894,0.101092178906155,-0.108783752826849,0.643896723594142,0.135642473655053,-0.0639920967114914,0.0678849299547422,0.421362573829131,-0.0455962872342951,-0.0347024969289198,-0.0169753645698083,NA,-0.145347769777153,-0.0297070752070857,0.332674242850626,-0.0407561256040381,-0.0247814300702523,-0.0329395053400196,-0.0392249245327841,-0.00779736219333506,1,-0.0229665720516396,-0.0170913592453709,-0.0335929903357557,-0.0377349514297696,0.0220254428606564,0.635319060531118,-0.0200689547617193,-0.0197822746108994,-0.00147175287100133,-0.0321548480666427,-0.0169753645698083,-0.0212672590225176,-0.0170223783080892,-0.0134658490812649,-0.0237010696112042,0.0442594583417868,0.0235310806935855,0.00291691647258143,-0.0544080280174697,-0.0169753645698083,-0.0230026427330676,-0.0169753645698083,-0.0161311752755228,-0.0333121193586452,-0.0336166947477588,-0.0170262030660985,-0.0365035167945239,-0.0184814377671024,NA,-0.0244863332128606
"php",0.0677058641319851,-0.0343764890569376,0.166153874896311,0.0136341028275147,0.00947883807024362,0.132118382091947,0.0939454660497888,0.135356478245104,0.0336827334225689,-0.0758506563673053,-0.0393305257434507,-0.123487125117462,-0.0497249431269997,-0.0465845890021678,0.0196446677934009,-0.0278641500826006,-0.0195616880165529,0.0268348907804922,-0.039989681254108,0.0413204065969319,0.00202399084736169,0.085266129427898,0.0903525030093125,0.0699733300148698,0.0426124261376039,-0.00900739662440159,-0.0608530477624602,-0.0358647648761415,-0.0878886446076376,-0.0450472602536781,-0.0527351926097482,-0.00589816082393503,-0.0195616880165529,NA,0.081363087670227,-0.0341315607240655,-0.0327252061932855,-0.0500304862534976,0.0604965061799265,0.0158458492224311,-0.0453184969897756,-0.00867232790323219,-0.0229665720516396,1,-0.0196887182395719,-0.0386740942633409,-0.048635853166155,0.0513994779452978,-0.0305945664336943,-0.0230644909890754,-0.0227690915504733,-0.00136748586555181,-0.037055019917782,-0.0195616880165529,-0.0245074846112955,-0.0196158646486341,-0.0196090042694234,-0.0273070031932253,0.00631233447627978,0.0383303709689387,0.0248261798500053,-0.0958332753362402,-0.0195616880165529,-0.0265072669779825,-0.0195616880165529,-0.0631126408102171,-0.0370504307968044,-0.0387950649784247,-0.0196202721370629,-0.0801661702078213,-0.0201219277505252,NA,-0.0890958944868331
"earlang",0.0199669713879209,-0.0253747624669436,0.173609841392381,-0.034738353865482,0.00196127222907779,-0.0787162922316551,-0.104553146996725,-0.119118327305405,0.0517269095319002,-0.0917529443827846,-0.044054156899511,-0.101655665216334,-0.0367041153749021,-0.0418377474778639,-0.0205677254741804,-0.0205677254741804,-0.014439321771643,-0.0679922257562905,-0.0295181006201968,0.0094246289873009,-0.00611039438273494,0.0988052568712522,-0.0722088757190389,-0.119791397899834,-0.0929028159026604,-0.0339613182457572,-0.0917529443827846,-0.0544829270582182,-0.0919459975056279,-0.033251316818027,-0.038926109757879,-0.0295181006201968,-0.014439321771643,NA,0.0710140675681898,-0.0112193229984977,-0.0128941406510431,0.164019847943312,0.0151742608269823,-0.0280669942069532,-0.0038758594850144,-0.0150508429397191,-0.0170913592453709,-0.0196887182395719,1,-0.0264220613729176,0.185236195894081,0.775786992589152,-0.0238364757189444,-0.0187413647793385,0.993946279431707,-0.0100865414499062,-0.0236353531858252,-0.014439321771643,-0.0180900265772894,-0.0144793118697604,-0.0144742479293267,0.969891322640636,0.219836177276566,0.105576737286291,0.205572108438742,-0.074198313360351,-0.014439321771643,-0.0195661517992752,-0.014439321771643,-0.0611170709043187,-0.0238687887651972,0.633552419724846,-0.0144825652261975,0.263037627841757,0.128006660493987,NA,0.190115775479341
"perl",0.0728839253794135,-0.0497743707721955,0.0717355407204522,-0.00104096379273385,-0.0526674652096154,-0.016267873745761,-0.123148958184291,-0.0936412610809349,0.101157872859272,0.279082965284048,0.0935451068731017,0.174318545722599,-0.0719701381687652,-0.0818457371983258,0.372861670126252,-0.0403218740939893,-0.0277349147626181,-0.0122293566904771,-0.0563473090290313,0.0775729985966767,0.0668545559441675,0.000762685164123837,-0.140680374799769,-0.154011903121983,0.0498458435436688,0.0160170334642047,0.0424477240116103,-0.1041598731409,-0.00532341656233412,-0.0651784531385508,-0.0750258403059206,0.238608289625608,-0.0283237392467052,NA,0.000302694703596134,0.595879909980513,-0.0479429638420793,0.421902895773914,-0.0227113936817146,0.620777103551749,0.483144748779287,-0.0136489362900523,-0.0335929903357557,-0.0386740942633409,-0.0264220613729176,1,0.206622433740443,-0.0549555866009165,-0.00791565665198635,-0.0380112775390235,0.029936443988751,-0.0265897806926162,0.624611211929791,-0.0277349147626181,-0.0332188033235672,-0.0236740604290127,-0.0262573763332652,0.0417129245066176,0.715512783948192,0.0434484649708863,0.109824489554147,-0.0923323094325842,-0.028291224348533,-0.0354896488494638,0.551817234847242,-0.0431708264062033,0.313511170099518,-0.0546696561111853,-0.0283672972837034,-0.020258348886347,0.0487082338858074,NA,-0.010736242695725
"sh",0.0214695719280894,-0.0578125162286354,0.33422964790004,0.0324218261949118,-0.0440264547187734,-0.0553347739417548,0.191381174481971,0.0257294873843583,-0.0108267360269299,0.176070864339611,0.219156825362375,0.0926091888092987,-0.0908509868242568,0.245370988255845,-0.0638851736961989,-0.0478624144750339,-0.00821931109299151,0.157163158731832,-0.0729551331909055,-0.0239641700709942,0.016652620952944,-0.078158760515773,-0.0683300156935258,0.144988880310068,0.199807795959012,-0.180587019219849,0.154354890400975,0.142035922247069,0.0670092714568291,-0.0629593213738867,0.276694623807571,-0.0351672135633635,-0.0265345605413316,NA,-0.0468937697056454,0.0897920690623956,-0.0411897541756611,0.669840797146051,0.0502733806563353,0.0817773293078166,0.117823390074913,-0.0277731395469072,-0.0377349514297696,-0.048635853166155,0.185236195894081,0.206622433740443,1,0.10648259415045,0.167519924429892,-0.0533408579781609,0.192388980904846,-0.0206876204426015,0.0987388571169235,-0.00821931109299151,0.100460664939289,0.468803772334523,0.0409629290152691,0.214857282566826,0.284947631352386,0.159724981044073,0.240845017713714,0.045415957321473,-0.0363891715024364,-0.0536495330718693,0.04678451943844,-0.126050907577713,-0.0192473351522556,0.217252545821093,-0.0248880561427518,-0.00213210195029418,0.236450363947963,NA,0.155775290332142
"xml",0.064501423872967,-0.0544891635774802,0.24853457235153,0.181707083926006,0.0749612895590744,-0.0530354537636378,-0.0570091033909682,-0.142332897242423,0.111751342384877,0.056958537542646,-0.0908212232937073,-0.105668110675639,0.084228673582551,-0.0642120005025142,-0.0448568430214193,-0.0448568430214193,-0.0302573961760048,0.0642038668822834,-0.0576553999710606,-0.0372360537205223,0.0134737830236142,0.126742919930125,-0.0602064861640253,-0.149381499275404,-0.123597259523108,-0.036534737067108,-0.0796282734614944,-0.112245257740962,-0.17074624934871,-0.0395522578517442,-0.084598589252677,-0.0623729809762347,-0.0314912016333281,NA,0.0870976939061902,-0.0433667642156772,0.349565727287309,0.0885165455260507,-0.0185650960289252,-0.000519850462255289,-0.043820473817286,0.070241198847597,0.0220254428606564,0.0513994779452978,0.775786992589152,-0.0549555866009165,0.10648259415045,1,-0.0123739756954046,0.0259576273355003,0.767232556970794,-0.0294691865901065,-0.0496379023519135,-0.0302573961760048,-0.0390924714427784,-0.0281903761556664,-0.0314234551224508,0.744947435222933,0.198070394830216,0.0749061959818276,0.152968685331586,0.0107592810973257,-0.0314912016333281,-0.042672477367278,-0.0275699579647887,0.118512656350615,-0.0228332908573573,0.616874200584167,0.354665690876395,0.435671794794574,0.116591878757868,NA,0.414518158309441
"yacc",0.0613192877202218,-0.0424880465433103,-0.0711369324617152,0.139027561407625,-0.0352425700917682,-0.131804248115124,-0.0876900757357329,-0.0229370122996983,0.086612646821663,-0.0896258457138469,-0.0737652252394926,-0.170214426272146,-0.0614581580580885,-0.0700540217636511,-0.0344390406954719,-0.0344390406954719,-0.024177510086513,-0.0470243800648904,-0.0494257408184559,-0.0923454253229916,-0.182035264745999,-0.190682181774534,0.00823442626203641,0.0113567112176328,-0.0572231652357509,0.354242862971144,0.201533254407544,-0.0912273816821341,0.278195544779218,0.253606101727632,0.0439517339731946,-0.0494257408184559,-0.024177510086513,NA,-0.172957199960092,-0.00540323401443785,0.205374073667056,0.0299113936003645,-0.00286825107972278,-0.046991379903342,-0.0497637604976367,0.101300583943428,0.635319060531118,-0.0305945664336943,-0.0238364757189444,-0.00791565665198635,0.167519924429892,-0.0123739756954046,1,-0.00627668273181578,-0.0202129584094463,0.115868471198127,-0.0457619068200854,-0.024177510086513,0.689030185866628,-0.024244470364557,-0.0226326763937769,0.128669079560513,0.0352863039659976,-0.0277734965205266,-0.0258258691132437,0.136663512310295,-0.024177510086513,-0.0327619842512446,-0.024177510086513,-0.0456497014094817,-0.0474030919670668,-0.0479535462784104,-0.0242499178543571,-0.0715107510673768,0.026480771370213,NA,-0.0583758976001049
"ml",0.0742520730152434,-0.0340156223358121,-0.039175843346119,0.0473636645209583,-0.0697877163277368,-0.105521526426723,-0.140156597205366,-0.159681653775984,0.0693414577388858,-0.0818433334548863,-0.0590559050697933,-0.136272436867114,-0.0492029562203475,-0.0560847424460447,-0.0275716465502997,-0.0275716465502997,-0.0193563394656138,-0.100961647911783,-0.039569890125086,-0.0739310786864451,-0.106183177919199,0.0296230707203725,-0.0621764276513315,-0.0301760667315179,-0.0981763501260885,-0.0455261552488986,-0.122997545627843,-0.0730359810451922,-0.123256339069789,-0.0445743772586605,0.16240622213229,-0.039569890125086,-0.0193563394656138,NA,0.00329954964108436,0.0200207331651348,-0.0275229458974906,-0.038246997842632,-0.00110757544281286,-0.0372764681280874,-0.0355458614303857,0.221059897743905,-0.0200689547617193,-0.0230644909890754,-0.0187413647793385,-0.0380112775390235,-0.0533408579781609,0.0259576273355003,-0.00627668273181578,1,-0.0109227497519989,0.172443558718102,-0.0366660543042253,-0.0193563394656138,-0.0242502176286184,-0.0194099473792448,-0.0194031590167705,-0.0270253959616605,-0.0283675736095974,-0.0711492919561861,-0.0677126989869776,-0.0139610141744802,-0.0193563394656138,0.163814015027888,-0.0193563394656138,0.0139849215208478,-0.0320125245823989,-0.0383912618389399,-0.0194143086001244,-0.0129521151333183,-0.0552888407155318,NA,0.203141306569664
"lisp",0.0239658454696985,-0.0307879387777826,0.159356821429085,-0.0393962496218723,-0.00361517085613559,-0.0826136091261872,-0.116261650851466,-0.118833867480672,0.0627617667714809,-0.0776568147489007,-0.0367896650305006,-0.100083884328261,-0.0445341728233829,-0.0505684513375302,-0.0249554207067846,-0.0249554207067846,-0.0175196498992723,-0.0761867808158758,-0.0358151717051525,0.0148005709786657,-0.00334661021396869,0.103119298432532,-0.0872890046139002,-0.139951588304304,-0.0910849408265115,-0.0313253875132602,-0.099960587304224,-0.0660400539906391,-0.0952773603191055,-0.0403447917121479,-0.0471617080404173,-0.00801045762386271,-0.0175196498992723,NA,0.0736438801853446,0.0938438877552106,-0.0163904339643712,0.214561449356644,0.0200564891332339,0.061307173741762,0.0694612561979556,0.0444270797185381,-0.0197822746108994,-0.0227690915504733,0.993946279431707,0.029936443988751,0.192388980904846,0.767232556970794,-0.0202129584094463,-0.0109227497519989,1,0.0502513329506747,0.0659117634388059,-0.0175196498992723,-0.0219491564295668,-0.017359316268849,-0.0175620268242154,0.973557568411839,0.308469682574663,0.110699413763008,0.239088573261638,-0.0899724069569885,-0.0175196498992723,-0.0237401821789524,0.0368850990449841,-0.0653595716815725,0.00467156780779341,0.625372742267936,-0.0175721184428931,0.259285025346997,0.140596027989295,NA,0.188310152825994
"lex",-0.0631326458332833,-0.0251048222626717,-0.0636738375794442,-0.0871490980307708,-0.106825993583404,-0.0778788975158534,-0.10344089627539,-0.117851130197758,0.0511766315719159,-0.0907768639729087,-0.0435855027346504,-0.100574238303683,-0.0363136519601281,-0.0413926717804987,-0.020348923188912,-0.020348923188912,-0.0142857142857143,-0.144746344518584,-0.0292040830162285,-0.0545639462887837,-0.0908482093246747,0.00974589462755087,-0.071440707792847,-0.118517040574865,-0.0919145030018058,-0.0336000330831258,-0.0907768639729087,-0.0539033302056925,-0.0909678633701463,-0.0328975847479884,-0.0385120084620248,-0.0292040830162285,-0.0142857142857143,NA,-0.0264438624436696,0.284906156587048,0.00408569688691417,-0.0270813198967828,0.135261908193112,-0.0237382744657932,0.0208047223509382,0.947498161389286,-0.00147175287100133,-0.00136748586555181,-0.0100865414499062,-0.0265897806926162,-0.0206876204426015,-0.0294691865901065,0.115868471198127,0.172443558718102,0.0502513329506747,1,-0.027060941801789,-0.0142857142857143,-0.0178975823928002,-0.0143252789636817,-0.0143202688941411,-0.0199457694907881,0.0762716186044601,0.0402260338205359,0.017224058407994,-0.0734089815236011,-0.0142857142857143,-0.0193580043921658,-0.0142857142857143,-0.0279858028853885,-0.0282875350096406,-0.028334210539831,-0.0143284977104667,-0.0431646376970973,-0.00832516133512341,NA,0.0412077920198161
"asm",0.080216911543741,-0.047555209393609,-0.113486545872334,0.000324109650679786,-0.00127596490781615,-0.00534367463510225,-0.0642438805277784,0.0624723857140449,0.0598822224065546,0.215668505178447,0.170172303325072,0.0692240434943855,-0.0687877135612413,-0.0739725830927204,-0.0385462718300955,-0.0385462718300955,0.0813765808373239,-0.00286588468925314,-0.055320299361374,0.0875252382159113,0.0857456653927077,0.0445607682612334,-0.134395065477857,-0.162671114519779,0.0673264377417085,0.0329083346574076,-0.0278575772463266,-0.0962290109649958,0.00709065103919055,-0.0623167738399315,-0.0676488836223336,0.247643711155968,-0.027060941801789,NA,0.0450221244699631,0.944829059970255,-0.0459324292916126,0.575235422242105,-0.0432205929178426,0.983695449592956,0.780210172781958,-0.00172715028459327,-0.0321548480666427,-0.037055019917782,-0.0236353531858252,0.624611211929791,0.0987388571169235,-0.0496379023519135,-0.0457619068200854,-0.0366660543042253,0.0659117634388059,-0.027060941801789,1,0.0813765808373239,-0.00215576849047389,-0.013503020972147,-0.0271263974191224,0.0863898222874321,0.916749768583474,0.0246145450066554,0.352269650684797,-0.12574491300048,-0.027060941801789,-0.0366692081178621,0.565740727841435,-0.0363454045652998,0.324100663266624,-0.0497799317115331,-0.0271419849855004,-0.0103123964743814,0.136019191724916,NA,-0.0254556778765783
"f90",0.0085112809532015,-0.0251048222626717,-0.0636738375794442,-0.0338078397533163,-0.0518647939861455,-0.0778788975158534,-0.00551684780135414,-0.117851130197758,-0.279145263119541,0.117131437384398,0.575328636097385,-0.100574238303683,-0.0363136519601281,-0.0413926717804987,-0.020348923188912,-0.020348923188912,1,-0.0272950249663615,-0.0292040830162285,-0.0545639462887837,-0.0481315016289667,0.0645052018514158,-0.071440707792847,-0.118517040574865,-0.0919145030018058,-0.125353969579354,0.117131437384398,-0.0539033302056925,-0.0909678633701463,-0.0328975847479884,-0.0385120084620248,-0.0292040830162285,-0.0142857142857143,NA,0.0297411021498629,-0.0290260524078259,-0.0242704119557514,-0.0334051003392185,-0.022889313743896,-0.0277922698106158,-0.0317944268401951,-0.0189942832219703,-0.0169753645698083,-0.0195616880165529,-0.014439321771643,-0.0277349147626181,-0.00821931109299151,-0.0302573961760048,-0.024177510086513,-0.0193563394656138,-0.0175196498992723,-0.0142857142857143,0.0813765808373239,1,0.278605699247923,-0.0115520143244959,-0.0143202688941411,-0.0199457694907881,-0.0295651912940094,-0.0895943480548299,-0.0768457990510503,0.014930640309885,-0.0142857142857143,-0.0193580043921658,-0.0142857142857143,-0.016940919441743,-0.0282875350096406,-0.028334210539831,-0.0143284977104667,-0.0336716577135821,-0.0992615389957022,NA,0.0711847164297521
"awk",0.184194778494831,-0.031452093743194,-0.0797725428040717,0.0601134381464552,-0.117768239092369,-0.0975690789465301,-0.00691167666512921,0.081979528824121,-0.0324464090542042,-0.0529508009184647,0.126320165456232,-0.12600250016433,-0.0454948604557905,-0.0518580127554728,-0.0254937570564821,-0.0254937570564821,0.278605699247923,-0.0529981160597334,-0.0365877737392388,-0.0683593907065882,-0.101330177153497,-0.0721939307117419,0.078495262182756,-0.0566368058595065,0.0127687011744095,-0.0689173246610723,0.146745868596207,-0.0675317505521889,0.318843506312656,-0.0412151063485876,0.0937161322353087,-0.0365877737392388,-0.0178975823928002,NA,-0.0706711523813692,-0.0363768466895082,-0.0304067188379685,0.00770370007514504,-0.0286764365052223,-0.0351371146340344,-0.0418207193125186,-0.0237966224270178,-0.0212672590225176,-0.0245074846112955,-0.0180900265772894,-0.0332188033235672,0.100460664939289,-0.0390924714427784,0.689030185866628,-0.0242502176286184,-0.0219491564295668,-0.0178975823928002,-0.00215576849047389,0.278605699247923,1,-0.0171364496098417,-0.017940873469396,0.186307140675651,-0.0361108898628314,-0.112246555836838,-0.0962747814039719,0.273257136869134,-0.0178975823928002,-0.0242523034998283,-0.0178975823928002,-0.0445631355049965,-0.0348261839990784,-0.0354979707370102,-0.0179511827836689,-0.0621550020890761,0.00665916550766075,NA,-0.0693606910182254
"obj",0.00853485317950177,-0.0251743507572494,0.412044779908942,0.0194416709507272,-0.0520084349571791,-0.0780945852609006,0.0923953805710089,0.120900358027169,0.0504151990229414,-0.0904598091616959,0.267454024220125,0.115541859557052,-0.0364142236163219,-0.0415073099215432,-0.0204052800904187,-0.0204052800904187,-0.0115520143244959,0.0509330262268975,-0.0292849645260195,0.0744241716562773,-0.00554658657129603,0.039792377378875,-0.0716385647946784,0.072404884877859,0.307391767530959,-0.0339439633301661,-0.0904598091616959,0.264886685549605,0.058988255374872,-0.0329886955122407,-0.0386186685269124,-0.0292849645260195,-0.0143252789636817,NA,0.05323469978577,-0.0206762165965016,-0.0243376295280731,0.713769269901235,-0.0229527063267982,-0.028200437480089,0.110419647155487,-0.0190468884108933,-0.0170223783080892,-0.0196158646486341,-0.0144793118697604,-0.0236740604290127,0.468803772334523,-0.0281903761556664,-0.024244470364557,-0.0194099473792448,-0.017359316268849,-0.0143252789636817,-0.013503020972147,-0.0115520143244959,-0.0171364496098417,1,-0.0143599292720453,-0.0200010098470582,0.129297586344731,0.104894969196635,-0.0770586256015327,0.191657475615564,-0.0143252789636817,-0.0194116169168566,-0.0143252789636817,-0.0625301757840504,-0.0227928264447694,-0.0284126829139139,-0.0143681808783037,-0.0720941728298064,0.127812527935771,NA,-0.0405756218415859
"tcl",0.0612720528714244,-0.0251655463738754,-0.0638278532961653,0.0199627334314763,0.0583292596470237,0.16234901263494,-0.00576399202831526,0.120940717299785,0.0513004187644357,0.116918363137282,-0.043690928333256,0.115576251931846,-0.0364014882418101,-0.0414927933100566,-0.0203981436240009,-0.0203981436240009,-0.0143202688941411,0.0510824917547843,-0.0292747225119447,-0.0546959267946597,-0.00573385800318296,0.0492153252866403,0.10329851756794,-0.0227224141893095,0.0410495742299323,-0.0321478267146276,0.117414757551128,-0.0540337127984635,0.0593781664605703,-0.0318618178190002,-0.0386051621780742,-0.0292747225119447,-0.0143202688941411,NA,0.043490821485963,-0.0289911768057888,-0.0234544854427049,0.0327587727337314,-0.0229446789330465,-0.0281914799739761,-0.0330066623277131,-0.0190402270233061,-0.0134658490812649,-0.0196090042694234,-0.0144742479293267,-0.0262573763332652,0.0409629290152691,-0.0314234551224508,-0.0226326763937769,-0.0194031590167705,-0.0175620268242154,-0.0143202688941411,-0.0271263974191224,-0.0143202688941411,-0.017940873469396,-0.0143599292720453,1,-0.0199940147686049,-0.0243727127040907,-0.0895011063937304,-0.0768070775832827,0.0147558383628432,-0.0143202688941411,-0.0194048279704844,-0.0143202688941411,-0.0425873130066737,-0.0283559575383337,-0.028402745968351,-0.0143631558044077,-0.0557607332945692,-0.0992845186102191,NA,-0.0878521581023337
"sed",0.0708287008762015,-0.0350514498570919,0.143323827932384,-0.0168340794281575,-0.0195174200789219,-0.0924406596766553,-0.109912246032338,-0.0802866168604413,0.0714530107653897,-0.0844688761681752,-0.0398802106406676,-0.111090066174866,-0.0507012611955796,-0.0577926082959174,-0.0284112451918254,-0.0284112451918254,-0.0199457694907881,-0.0752583482556719,-0.0407748535622073,0.00871536433861609,-0.0145086493044711,0.0807501335637051,-0.0618110015178036,-0.1382539964334,-0.0723659836863249,-0.0344749037315846,-0.0675592233262379,-0.0752600379348006,-0.00891849429147082,-0.0459317349530931,-0.0217142420741665,-0.00564118119671315,-0.0199457694907881,NA,0.0570106791166522,0.0917626581663126,-0.0226487956790783,0.230381794161313,0.00476470038019986,0.0813151316116694,0.0797664329804204,-0.022547683022817,-0.0237010696112042,-0.0273070031932253,0.969891322640636,0.0417129245066176,0.214857282566826,0.744947435222933,0.128669079560513,-0.0270253959616605,0.973557568411839,-0.0199457694907881,0.0863898222874321,-0.0199457694907881,0.186307140675651,-0.0200010098470582,-0.0199940147686049,1,0.314732829026403,0.0869596184292039,0.225522378108906,-0.0258553816593611,-0.0199457694907881,-0.0270277205385462,0.0487993583658117,-0.0718830161920251,0.00903985682761341,0.606650415687375,-0.0200055038737578,0.244751976879341,0.149857052998939,NA,0.160410335073094
"total_loc",0.0996197164236267,-0.0739880792227122,0.0580074414495589,0.043898240704998,-0.00878868837979986,-0.0409645780317451,-0.101629865589557,-0.00431098888242716,0.142096565133734,0.21113929136066,0.11982247099896,0.0651586477251054,-0.0704901268434796,-0.112831840246438,0.030983493809771,-0.0596191905978297,-0.0295651912940094,-0.00303874120087482,-0.0745173125562182,0.0807402240078471,0.0595427062448169,0.0402415185686001,-0.18251668005661,-0.191567993761085,0.0643797840169949,0.0574769490950416,-0.0305726983824587,-0.0947230036286917,-0.0289831001367434,-0.0453342889650159,-0.107659306124372,0.226055880101772,-0.0421440625942726,NA,0.0320764891601162,0.911178051700495,0.0580600883194135,0.719969115633094,-0.0123628678839381,0.917599461724084,0.750656069031434,0.0957035062528432,0.0442594583417868,0.00631233447627978,0.219836177276566,0.715512783948192,0.284947631352386,0.198070394830216,0.0352863039659976,-0.0283675736095974,0.308469682574663,0.0762716186044601,0.916749768583474,-0.0295651912940094,-0.0361108898628314,0.129297586344731,-0.0243727127040907,0.314732829026403,1,0.0851305830083434,0.359515109570061,-0.105908949397779,-0.0421927992314695,-0.0555476503960158,0.565284522267365,-0.0594536657856519,0.313501582293566,0.121812276125024,0.0424417725248015,0.0601483639025509,0.185693789527025,NA,0.0712029713347295
"apt.get",0.299569768040186,-0.0814014352180429,0.224975637158546,0.160055749897891,0.367631625068976,0.234678332339293,0.0594016698464056,0.0411577526310258,0.0884276410113262,-0.103631358345655,0.0831210272315426,0.00624130445847935,-0.145245445216861,0.179246556383698,-0.127620395470987,-0.0813905583360884,-0.0895943480548299,0.277295549505015,-0.0172877265714269,0.108189842875996,0.14373084938744,0.265331860214011,0.0332646366474675,0.174618456566247,0.275861164700928,-0.00521026106314045,-0.143547234164145,0.0905518823955607,0.160025647502995,-0.146529757858563,0.193572042316805,-0.0504614721544351,-0.0895943480548299,NA,0.304879951798094,0.0461398976520283,0.00623073063100417,0.114389663385026,0.0668601770272067,0.0240082612573452,0.0660980731290329,0.0522343210382139,0.0235310806935855,0.0383303709689387,0.105576737286291,0.0434484649708863,0.159724981044073,0.0749061959818276,-0.0277734965205266,-0.0711492919561861,0.110699413763008,0.0402260338205359,0.0246145450066554,-0.0895943480548299,-0.112246555836838,0.104894969196635,-0.0895011063937304,0.0869596184292039,0.0851305830083434,1,0.102002388766968,0.133212723050278,-0.0895943480548299,0.192727195495892,-0.0895943480548299,-0.145933808447515,0.204068764008948,0.152276871512734,0.0409232306642903,-0.0143601063190173,0.846910064172738,NA,0.224162246946234
"cURL",0.206410180724924,-0.024835679793411,-0.0115000393303698,0.100127149568875,0.133895773311352,0.160787431289453,0.251864468888254,0.1420912324982,0.0608398734637708,0.167295542999771,0.16735264396586,0.0811231650060192,-0.195338612093645,0.238106951237008,0.0245343729081923,-0.109461048359627,-0.0768457990510503,0.248953962844529,-0.15709477664547,-0.0420023937961593,0.184807643603271,0.0778184147547962,0.102356621348141,0.0630782566191991,0.123171831199709,0.108588724522606,-0.0640937469934188,0.0945693459853108,-0.0156963871822036,-0.0469866965410329,0.210928887877715,0.227516573072749,-0.0768457990510503,NA,0.118730787555962,0.355233132618957,-0.0451542174672806,0.220762198593791,0.0430320182253539,0.362008601328254,0.235253775410724,0.0337721328525769,0.00291691647258143,0.0248261798500053,0.205572108438742,0.109824489554147,0.240845017713714,0.152968685331586,-0.0258258691132437,-0.0677126989869776,0.239088573261638,0.017224058407994,0.352269650684797,-0.0768457990510503,-0.0962747814039719,-0.0770586256015327,-0.0768070775832827,0.225522378108906,0.359515109570061,0.102002388766968,1,-0.394882028989344,-0.0768457990510503,-0.10413069208848,-0.0768457990510503,0.202385201521295,0.559410953663452,0.137241547072,-0.077075939903337,0.321259515271144,0.31365748149474,NA,0.181705985929425
"wget",0.50684219090019,-0.0772568485737992,0.356675975192137,0.388413241168461,0.303123344525967,0.207025717294768,0.108110717093398,0.143993347005368,0.176669153673142,-0.0137721729644593,0.0994577380899795,0.274731456846618,0.225082525059967,0.0737331113321065,-0.0416489945750513,-0.0416489945750513,0.014930640309885,0.396788169294219,0.0305224961366729,0.0963918526920991,0.0540248185084303,0.128990503314017,-0.0776696858114597,0.0572417859513903,0.00326748186567096,-0.140692710679115,-0.104311458193775,0.0285596209018017,0.238976249942191,-0.00630350239668089,-0.0627329579779119,-0.104921080469813,0.014930640309885,NA,0.128769008612877,-0.146809035333142,0.235137690294941,0.0574472373469741,-0.11761968467995,-0.142164302507303,-0.00907234389773607,-0.0976045690266966,-0.0544080280174697,-0.0958332753362402,-0.074198313360351,-0.0923323094325842,0.045415957321473,0.0107592810973257,0.136663512310295,-0.0139610141744802,-0.0899724069569885,-0.0734089815236011,-0.12574491300048,0.014930640309885,0.273257136869134,0.191657475615564,0.0147558383628432,-0.0258553816593611,-0.105908949397779,0.133212723050278,-0.394882028989344,1,-0.0734089815236011,-0.0823728091985311,-0.0734089815236011,-0.00116312174172142,-0.0683884082882884,0.366824930606979,0.368091046930412,0.199835263562447,0.384907665945022,NA,0.247554150852155
"yum",-0.159696199328111,-0.0251048222626717,-0.0636738375794442,0.0195334185241383,0.332863603194665,0.162529873076564,-0.00551684780135414,0.121218305346265,0.0511766315719159,-0.0907768639729086,-0.0435855027346504,0.115812759258786,-0.0363136519601281,-0.0413926717804987,-0.020348923188912,-0.020348923188912,-0.0142857142857143,0.129306734436601,-0.0292040830162285,-0.0545639462887837,-0.133564917020383,-0.149553908205511,-0.071440707792847,-0.0228953373837807,-0.0919145030018058,-0.0336000330831258,-0.0907768639729086,-0.0539033302056925,-0.0909678633701463,-0.0328975847479884,-0.0385120084620248,-0.0292040830162285,-0.0142857142857143,NA,-0.17627043469309,-0.0290386657641718,-0.0242704119557514,-0.0366631005412223,-0.022889313743896,-0.0281234543273439,-0.0338638445458634,-0.0189942832219703,-0.0169753645698083,-0.0195616880165529,-0.014439321771643,-0.028291224348533,-0.0363891715024364,-0.0314912016333281,-0.024177510086513,-0.0193563394656138,-0.0175196498992723,-0.0142857142857143,-0.027060941801789,-0.0142857142857143,-0.0178975823928002,-0.0143252789636817,-0.0143202688941411,-0.0199457694907881,-0.0421927992314695,-0.0895943480548299,-0.0768457990510503,-0.0734089815236011,1,-0.0193580043921658,-0.0142857142857143,-0.0626026679456469,-0.0282875350096406,-0.028334210539831,-0.0143284977104667,-0.07291752814504,-0.00832516133512341,NA,-0.0826499335656416
"gitclone",0.0145482630056974,-0.0340185481737738,0.144019395216538,-0.0871148742111479,-0.0702799236847804,-0.105530602811824,-0.121212511105409,-0.159695388719293,0.00540369522952035,-0.0425143289877726,-0.0590609847360481,-0.136284158277499,-0.0492071883897818,-0.0560895665491259,-0.0275740181126762,-0.0275740181126762,-0.0193580043921658,-0.13172070324605,0.462159537265563,-0.073937437833852,0.364772224504581,-0.0590685597853863,0.0047687915008047,0.13556951861787,0.00435742372117394,-0.0455300711600045,0.118473263445926,-0.073042263201191,0.0802668452414848,0.0458518744831108,0.29115407671507,-0.0395732937108127,-0.0193580043921658,NA,0.0103911952603225,-0.0379235696635748,-0.0328878718867376,-0.0476093584859107,-0.03101640051916,-0.0381089766674117,-0.0455004191094506,-0.0257383992625859,-0.0230026427330676,-0.0265072669779825,-0.0195661517992752,-0.0354896488494638,-0.0536495330718693,-0.042672477367278,-0.0327619842512446,0.163814015027888,-0.0237401821789524,-0.0193580043921658,-0.0366692081178621,-0.0193580043921658,-0.0242523034998283,-0.0194116169168566,-0.0194048279704844,-0.0270277205385462,-0.0555476503960158,0.192727195495892,-0.10413069208848,-0.0823728091985311,-0.0193580043921658,1,-0.0193580043921658,-0.0749320913619484,-0.0327776182405666,-0.0382541064819909,-0.0165270331391273,-0.0892137075963831,0.270374392027424,NA,0.105829123028319
"npm",-0.0942821792187114,-0.0251048222626717,-0.0636738375794442,-0.0338078397533163,0.00309640561111316,-0.0778788975158534,-0.00551684780135414,0.121218305346265,0.0511766315719159,0.117131437384398,-0.0435855027346504,0.115812759258786,-0.0363136519601281,-0.0413926717804987,-0.020348923188912,-0.020348923188912,-0.0142857142857143,-0.00771980504099113,-0.0292040830162285,-0.0545639462887837,0.165452036849573,-0.139597670528444,-0.071440707792847,-0.0228953373837807,0.307632214128493,-0.0336000330831258,0.117131437384398,-0.0539033302056925,0.0592348877759092,-0.0328975847479884,-0.0385120084620248,-0.0292040830162285,-0.0142857142857143,NA,-0.110721309333968,0.541103152554248,-0.0242704119557514,0.324768862082397,-0.022889313743896,0.563274685338189,0.44642076050498,0.000541425830158967,-0.0169753645698083,-0.0195616880165529,-0.014439321771643,0.551817234847242,0.04678451943844,-0.0275699579647887,-0.024177510086513,-0.0193563394656138,0.0368850990449841,-0.0142857142857143,0.565740727841435,-0.0142857142857143,-0.0178975823928002,-0.0143252789636817,-0.0143202688941411,0.0487993583658117,0.565284522267365,-0.0895943480548299,-0.0768457990510503,-0.0734089815236011,-0.0142857142857143,-0.0193580043921658,1,0.00139358707470849,-0.0282875350096406,-0.028334210539831,-0.0143284977104667,-0.0179133109409469,-0.0992615389957022,NA,-0.0935801478811779
"resource1",0.0161535143297159,0.276253598063663,-0.0790038985093613,0.218328343755412,-0.033505065778279,-0.0543124641927496,0.0871285488025197,0.0996819550760566,0.135135238961898,0.267120359180917,-0.0461588086067672,0.0644005619473287,-0.103412087691,0.00585599849066286,-0.0885281136727416,-0.0834202411091189,-0.016940919441743,0.11995338177619,-0.0851283324782712,0.219656434029744,0.230548192602618,0.0748825519936667,0.20050819947508,0.11548704198429,-0.0984015737024333,0.0101479265221036,0.116024784940335,0.0639643452094008,0.204667339000912,0.105346394789716,-0.0767938569571709,-0.126124247569852,-0.0447740257197296,NA,0.123715792823713,-0.0417817732962541,-0.0693466985934244,-0.100406721569961,-0.0259771980471129,0.0151758079511686,-0.0498280478447737,0.0283667884615921,-0.0161311752755228,-0.0631126408102171,-0.0611170709043187,-0.0431708264062033,-0.126050907577713,0.118512656350615,-0.0456497014094817,0.0139849215208478,-0.0653595716815725,-0.0279858028853885,-0.0363454045652998,-0.016940919441743,-0.0445631355049965,-0.0625301757840504,-0.0425873130066737,-0.0718830161920251,-0.0594536657856519,-0.145933808447515,0.202385201521295,-0.00116312174172142,-0.0626026679456469,-0.0749320913619484,0.00139358707470849,1,0.237957507368334,-0.117038999895791,-0.054678363498947,0.832239088072291,-0.030709029501256,NA,0.22282108605265
"resource2",0.232642703139664,-0.049710747706629,0.0656952499672476,0.118341532245578,0.267877022210413,0.302507511490134,0.250777703474152,0.055449170822241,0.100981539646159,0.25372962100132,0.120857720447492,0.139479341993404,-0.0310933105258709,-0.0603362071467244,-0.0227030400047028,-0.0402934613980384,-0.0282875350096406,0.251495016852524,-0.0516890871443328,0.106300759827771,0.245069912318051,-0.0492071560968462,-0.123339517700211,-0.140269896109636,-0.00762266969917721,-0.0659652882717004,-0.171624168576874,0.0252687134350709,-0.102232949291787,-0.0616509753356952,-0.0575306543220668,-0.0452052189596961,-0.0282875350096406,NA,-0.0374643765298742,0.305789941479996,0.0229215590302366,0.163528340192727,-0.0451485770297778,0.321414905767089,0.256917164755157,-0.0251677198822255,-0.0333121193586452,-0.0370504307968044,-0.0238687887651972,0.313511170099518,-0.0192473351522556,-0.0228332908573573,-0.0474030919670668,-0.0320125245823989,0.00467156780779341,-0.0282875350096406,0.324100663266624,-0.0282875350096406,-0.0348261839990784,-0.0227928264447694,-0.0283559575383337,0.00903985682761341,0.313501582293566,0.204068764008948,0.559410953663452,-0.0683884082882884,-0.0282875350096406,-0.0327776182405666,-0.0282875350096406,0.237957507368334,1,-0.0135409709165093,0.0587380414144907,0.348561710898111,0.365472207518347,NA,0.232767155097814
"resource3",0.260940454227521,-0.0497927723688904,0.418746448579986,0.263033957858352,0.192455191150532,0.156296304010688,0.141963165964946,-0.0188841870982277,0.0110863110290891,0.0394950266853435,0.18993743533064,0.147549825884083,0.113494140726044,0.392013629983429,-0.0403599471725437,-0.0403599471725437,-0.028334210539831,0.379283786623622,-0.0578490600606113,-0.0660015906514872,0.167259419223918,0.145420459877897,-0.0937830793073597,-0.0706006087646643,-0.0726552064955351,-0.131370147381332,-0.180016608488696,-0.0194688096350142,-0.0980150019595451,-0.0652488964751007,0.166401214093957,-0.0579232245763164,-0.028334210539831,NA,0.136411104740945,-0.0466397468108985,0.284714430422363,0.0590411577723552,-0.020836641089198,-0.0555579662271042,-0.044877814159734,-0.0376731613905141,-0.0336166947477588,-0.0387950649784247,0.633552419724846,-0.0546696561111853,0.217252545821093,0.616874200584167,-0.0479535462784104,-0.0383912618389399,0.625372742267936,-0.028334210539831,-0.0497799317115331,-0.028334210539831,-0.0354979707370102,-0.0284126829139139,-0.028402745968351,0.606650415687375,0.121812276125024,0.152276871512734,0.137241547072,0.366824930606979,-0.028334210539831,-0.0382541064819909,-0.028334210539831,-0.117038999895791,-0.0135409709165093,1,0.37111963336965,0.429027522516699,0.347866336592244,NA,0.419467829312221
"resource4",0.20483546750336,-0.0251800071818655,0.17478713615496,0.339338423295285,0.277763484378411,0.162309169128402,0.190036772577557,-0.118200678320585,0.0513298973815316,0.116867457734647,-0.0437160343300084,0.115522834311203,0.393305434490095,0.0284593428328013,-0.0204098649525952,-0.0204098649525952,-0.0143284977104667,0.324762912700189,-0.0277661213035545,-0.0547264390753611,0.0384192523200434,-0.0948980365996036,-0.0716521758790774,-0.118023741118747,-0.0917921771558746,-0.125458074996568,-0.0904369109310901,-0.0540647620407156,-0.0907918903741805,-0.0329961077419005,-0.0377574620067729,-0.0292915445644016,-0.0143284977104667,NA,-0.115302917794217,-0.0291212977284603,0.801632019384126,-0.0367724466405121,-0.0229578635701497,-0.0282076795657833,-0.0339652236900696,-0.019051168056057,-0.0170262030660985,-0.0196202721370629,-0.0144825652261975,-0.0283672972837034,-0.0248880561427518,0.354665690876395,-0.0242499178543571,-0.0194143086001244,-0.0175721184428931,-0.0143284977104667,-0.0271419849855004,-0.0143284977104667,-0.0179511827836689,-0.0143681808783037,-0.0143631558044077,-0.0200055038737578,0.0424417725248015,0.0409232306642903,-0.077075939903337,0.368091046930412,-0.0143284977104667,-0.0165270331391273,-0.0143284977104667,-0.054678363498947,0.0587380414144907,0.37111963336965,1,0.219968115227533,0.174470679471425,NA,0.591869274254427
"tot_kbs",0.196504075657211,0.203852902441451,0.166879780319647,0.363611404718207,0.12807644180339,0.0896858502631903,0.19880562893111,0.0781040478875054,0.145913939712285,0.296969432827782,0.0710738072030352,0.16023217525084,-0.00746845176808864,0.197042928383784,-0.100742249522311,-0.0989212646114087,-0.0336716577135821,0.357261152864416,-0.111193620036745,0.168412438469268,0.31587900474601,0.120291914921894,0.0998909724143183,0.0373494046855688,-0.126998404442027,-0.077244239501766,-0.0292670826364552,0.0388213874198027,0.103703405535178,0.047044495213221,0.00780163922099075,-0.145627598150905,-0.0575939672720404,NA,0.157593681906512,-0.0161683245426847,0.14471990149007,-0.034385705222962,-0.0405264880904905,0.0306107444781122,-0.0295883350622016,0.000788337614005395,-0.0365035167945239,-0.0801661702078213,0.263037627841757,-0.020258348886347,-0.00213210195029418,0.435671794794574,-0.0715107510673768,-0.0129521151333183,0.259285025346997,-0.0431646376970973,-0.0103123964743814,-0.0336716577135821,-0.0621550020890761,-0.0720941728298064,-0.0557607332945692,0.244751976879341,0.0601483639025509,-0.0143601063190173,0.321259515271144,0.199835263562447,-0.07291752814504,-0.0892137075963831,-0.0179133109409469,0.832239088072291,0.348561710898111,0.429027522516699,0.219968115227533,1,0.216806298342931,NA,0.48088515619819
"tot_cmd_network",0.548145951289623,-0.121167393284911,0.357545838520274,0.341364893494822,0.506881253977778,0.342586988329957,0.18993262437602,0.156376975481569,0.192707372370407,-0.0156209624742719,0.168811935173324,0.174192857419933,-0.0982142700603818,0.258185425559374,-0.109007576412944,-0.141390580284572,-0.0992615389957022,0.505336762650773,0.0294559774490955,0.0781898664690396,0.291738402273872,0.249814464068897,0.0210925197407995,0.209555993309472,0.256889600905734,-0.0401464305522615,-0.164742083237069,0.0972587823772306,0.236517529523369,-0.123876990716142,0.265773558418195,0.00621848412814239,-0.0992615389957022,NA,0.310964330289773,0.140027073795815,0.0915963497314272,0.215002816402135,-0.00419199743278502,0.131263907419607,0.160260773698408,-0.00581467686990107,-0.0184814377671024,-0.0201219277505252,0.128006660493987,0.0487082338858074,0.236450363947963,0.116591878757868,0.026480771370213,-0.0552888407155318,0.140596027989295,-0.00832516133512341,0.136019191724916,-0.0992615389957022,0.00665916550766075,0.127812527935771,-0.0992845186102191,0.149857052998939,0.185693789527025,0.846910064172738,0.31365748149474,0.384907665945022,-0.00832516133512341,0.270374392027424,-0.0992615389957022,-0.030709029501256,0.365472207518347,0.347866336592244,0.174470679471425,0.216806298342931,1,NA,0.381460075736189
"bitrate",NA,NA,NA,NA,NA,NA,NA,NA,NA,NA,NA,NA,NA,NA,NA,NA,NA,NA,NA,NA,NA,NA,NA,NA,NA,NA,NA,NA,NA,NA,NA,NA,NA,NA,NA,NA,NA,NA,NA,NA,NA,NA,NA,NA,NA,NA,NA,NA,NA,NA,NA,NA,NA,NA,NA,NA,NA,NA,NA,NA,NA,NA,NA,NA,NA,NA,NA,NA,NA,NA,NA,1,NA
"average_time",0.328381752907139,0.0434137074360942,0.265194341675409,0.370327675938153,0.271470196833428,0.10304861269842,0.109350748773934,-0.218958330344062,0.179345449842554,0.255838416282994,0.132575545222099,0.0742537592966833,0.242786397331794,0.118157844405464,-0.129598239225532,0.0360949808781785,0.0711847164297521,0.360935437012512,-0.0751575084193683,-0.00730625880197705,0.120581676926037,-0.00103595142717235,-0.0539826192221629,-0.0319797210610387,-0.189381587499812,-0.174377686693748,0.0108113643743798,-0.0672963883987948,-0.179836273717205,-0.0552308715793233,0.132601795106892,-0.197070440429514,-0.0407417603607762,NA,-0.00800414412404012,-0.0156878614319611,0.498907314760967,0.0143229121674921,-0.0260817281824764,-0.0326588859390077,-0.0670288154522053,0.0675918111359011,-0.0244863332128606,-0.0890958944868331,0.190115775479341,-0.010736242695725,0.155775290332142,0.414518158309441,-0.0583758976001049,0.203141306569664,0.188310152825994,0.0412077920198161,-0.0254556778765783,0.0711847164297521,-0.0693606910182254,-0.0405756218415859,-0.0878521581023337,0.160410335073094,0.0712029713347295,0.224162246946234,0.181705985929425,0.247554150852155,-0.0826499335656416,0.105829123028319,-0.0935801478811779,0.22282108605265,0.232767155097814,0.419467829312221,0.591869274254427,0.48088515619819,0.381460075736189,NA,1
